,R,TH,H,2B,3B,HR,RBI,SB,CS,BB,SO,SH,SF,HBP,AVG,OBP,SLG,OPS,PCT
0,34.4,65.35,40.2,14.55,1.7,8.9,33.25,4.25,2.05,28.75,70.3,0.8,1.9,1.85,0.2347,0.30825,0.38075000000000003,0.689,0.599
1,33.333333333333336,63.95238095238095,42.23809523809524,14.047619047619047,1.1428571428571428,6.523809523809524,32.095238095238095,2.9047619047619047,1.3333333333333333,28.428571428571427,46.714285714285715,1.5238095238095237,1.619047619047619,2.2857142857142856,0.22723809523809524,0.34623809523809523,0.3771428571428571,0.7233809523809525,0.593
2,27.863636363636363,65.4090909090909,46.40909090909091,12.0,0.9545454545454546,6.045454545454546,26.227272727272727,3.4545454545454546,1.5454545454545454,19.227272727272727,47.63636363636363,1.4090909090909092,2.0454545454545454,2.4545454545454546,0.23745454545454542,0.2852727272727273,0.345,0.6302727272727272,0.586
3,27.233333333333334,50.2,30.533333333333335,11.9,0.7333333333333333,7.033333333333333,26.0,2.2666666666666666,0.5666666666666667,19.5,37.833333333333336,0.8,1.5,1.5666666666666667,0.21220000000000003,0.27426666666666666,0.34703333333333336,0.6213,0.58
4,31.952380952380953,65.42857142857143,43.142857142857146,13.952380952380953,1.2857142857142858,7.0476190476190474,30.428571428571427,2.619047619047619,1.4761904761904763,22.19047619047619,52.904761904761905,0.7619047619047619,1.7619047619047619,2.3333333333333335,0.2523809523809523,0.3221904761904762,0.38004761904761913,0.7022380952380953,0.568
5,36.666666666666664,69.38095238095238,45.476190476190474,13.714285714285714,1.380952380952381,8.80952380952381,35.142857142857146,4.428571428571429,2.0476190476190474,24.333333333333332,51.476190476190474,1.3333333333333333,2.3333333333333335,3.1904761904761907,0.28571428571428564,0.34076190476190477,0.4774761904761905,0.8182380952380954,0.562
6,26.916666666666668,56.708333333333336,38.458333333333336,12.083333333333334,0.8333333333333334,5.333333333333333,25.041666666666668,3.7916666666666665,1.375,22.708333333333332,48.958333333333336,1.4166666666666667,1.375,2.6666666666666665,0.24512500000000007,0.3143333333333333,0.37899999999999995,0.6933333333333334,0.562
7,37.35,70.55,46.2,13.0,2.7,8.65,36.15,4.95,2.1,28.7,58.2,1.2,2.3,2.3,0.25254999999999994,0.3276,0.39105,0.71865,0.556
8,37.6,73.25,50.2,13.15,1.05,8.85,35.5,8.0,3.7,23.3,45.6,2.4,1.9,3.95,0.2555,0.33055,0.41059999999999997,0.74115,0.556
9,35.76190476190476,72.14285714285714,48.714285714285715,14.666666666666666,1.5238095238095237,7.238095238095238,34.142857142857146,3.2857142857142856,1.4285714285714286,26.0,54.142857142857146,1.8571428571428572,1.9523809523809523,1.9523809523809523,0.25600000000000006,0.3098095238095238,0.3823333333333333,0.6921428571428572,0.5489999999999999
10,28.4,54.8,35.68,11.56,1.48,6.08,27.0,3.68,1.04,20.12,49.88,0.44,1.72,2.16,0.23099999999999998,0.29719999999999996,0.36856,0.6657600000000001,0.5429999999999999
11,25.0,54.291666666666664,38.541666666666664,10.25,1.0416666666666667,4.458333333333333,23.666666666666668,4.166666666666667,1.5,17.0,38.625,1.1666666666666667,1.125,1.3333333333333333,0.20862500000000003,0.2735,0.2992916666666667,0.5727916666666666,0.531
12,33.05,75.4,54.45,13.55,1.55,5.85,31.2,5.7,2.5,23.2,43.45,2.0,2.6,1.7,0.2629,0.31920000000000004,0.38625,0.70545,0.525
13,27.08,54.44,36.44,11.04,0.76,6.2,26.24,4.16,2.08,18.56,42.4,1.64,1.48,2.08,0.20687999999999998,0.25864,0.3308,0.5894400000000001,0.512
14,26.5,54.833333333333336,37.833333333333336,10.833333333333334,1.1666666666666667,5.0,25.041666666666668,3.7083333333333335,2.0416666666666665,21.208333333333332,43.333333333333336,1.2083333333333333,2.0,1.875,0.22558333333333333,0.3011666666666666,0.334125,0.6352916666666666,0.5
15,37.89473684210526,73.84210526315789,47.94736842105263,14.789473684210526,1.736842105263158,9.368421052631579,36.0,4.2105263157894735,1.368421052631579,27.94736842105263,57.8421052631579,0.8421052631578947,1.736842105263158,4.052631578947368,0.23900000000000002,0.3016315789473685,0.3738421052631579,0.6754736842105262,0.5
16,37.19047619047619,72.28571428571429,48.42857142857143,15.142857142857142,1.9523809523809523,6.761904761904762,35.666666666666664,3.238095238095238,1.3333333333333333,26.61904761904762,45.61904761904762,1.5714285714285714,2.5238095238095237,1.8571428571428572,0.2529047619047619,0.31390476190476185,0.4005238095238095,0.7144285714285716,0.494
17,23.703703703703702,48.51851851851852,32.81481481481482,9.518518518518519,1.4814814814814814,4.703703703703703,22.555555555555557,4.814814814814815,1.6296296296296295,18.074074074074073,36.888888888888886,1.3703703703703705,2.111111111111111,1.7037037037037037,0.2242962962962963,0.29022222222222227,0.33829629629629626,0.6285185185185185,0.494
18,39.04545454545455,67.4090909090909,44.31818181818182,12.5,1.4545454545454546,9.136363636363637,37.40909090909091,4.681818181818182,1.3636363636363635,30.0,51.31818181818182,1.2272727272727273,2.0,3.3181818181818183,0.2428181818181818,0.32427272727272727,0.37672727272727274,0.7010000000000001,0.494
19,25.5,53.65384615384615,37.69230769230769,10.615384615384615,1.1538461538461537,4.1923076923076925,23.807692307692307,6.0,1.4615384615384615,20.26923076923077,40.46153846153846,1.5,1.9615384615384615,1.8076923076923077,0.23811538461538462,0.3087692307692308,0.3560769230769232,0.6648461538461538,0.488
20,35.666666666666664,67.04761904761905,43.95238095238095,13.571428571428571,1.619047619047619,7.904761904761905,34.57142857142857,5.142857142857143,1.0,26.238095238095237,44.476190476190474,0.7142857142857143,2.0476190476190474,2.9047619047619047,0.24100000000000005,0.3046666666666666,0.40528571428571436,0.7099523809523808,0.475
21,24.041666666666668,53.25,35.541666666666664,11.375,1.0833333333333333,5.25,23.5,3.5833333333333335,1.5,18.875,44.583333333333336,1.0416666666666667,1.375,1.3333333333333333,0.23750000000000004,0.299875,0.36225,0.662125,0.469
22,32.15,64.45,45.3,11.4,1.2,6.55,30.6,6.2,2.5,26.25,52.85,2.2,2.2,2.45,0.23495000000000005,0.30515,0.352,0.65715,0.46299999999999997
23,20.375,51.666666666666664,37.833333333333336,9.041666666666666,0.6666666666666666,4.125,19.666666666666668,5.875,1.5833333333333333,18.083333333333332,46.916666666666664,1.5416666666666667,1.5416666666666667,1.5416666666666667,0.21425000000000005,0.27779166666666666,0.31816666666666665,0.5959583333333335,0.426
24,31.09090909090909,62.40909090909091,40.90909090909091,12.818181818181818,1.3181818181818181,7.363636363636363,29.318181818181817,2.409090909090909,1.4090909090909092,21.818181818181817,43.86363636363637,1.2272727272727273,1.8636363636363635,2.227272727272727,0.2586818181818182,0.32145454545454544,0.38763636363636367,0.7090909090909091,0.426
25,31.17391304347826,61.17391304347826,42.0,11.956521739130435,0.782608695652174,6.434782608695652,29.043478260869566,3.4347826086956523,1.7826086956521738,22.91304347826087,39.608695652173914,1.6956521739130435,1.7391304347826086,2.130434782608696,0.26147826086956516,0.3187826086956522,0.41356521739130436,0.7323478260869564,0.414
26,41.421052631578945,69.42105263157895,44.05263157894737,15.368421052631579,1.9473684210526316,8.052631578947368,39.26315789473684,9.0,2.473684210526316,34.05263157894737,65.94736842105263,2.0,2.8421052631578947,2.9473684210526314,0.2315789473684211,0.3165263157894737,0.3752631578947369,0.6917894736842105,0.40700000000000003
27,30.153846153846153,59.69230769230769,42.23076923076923,10.26923076923077,0.9615384615384616,6.230769230769231,28.384615384615383,4.730769230769231,1.8461538461538463,19.653846153846153,37.61538461538461,1.9230769230769231,2.076923076923077,1.7307692307692308,0.23684615384615387,0.3006923076923077,0.3379615384615384,0.6386538461538461,0.401
28,37.7,68.1,38.3,15.9,1.05,12.85,36.55,2.9,1.0,23.5,57.7,0.75,1.7,2.75,0.22654999999999997,0.28165,0.3923,0.67395,0.377
29,34.1578947368421,69.36842105263158,47.21052631578947,12.736842105263158,1.631578947368421,7.7894736842105265,32.526315789473685,5.7894736842105265,2.1578947368421053,26.157894736842106,58.63157894736842,2.1052631578947367,2.4210526315789473,3.1578947368421053,0.23857894736842103,0.30552631578947365,0.377578947368421,0.6831052631578947,0.35200000000000004
30,27.384615384615383,49.96153846153846,31.115384615384617,10.961538461538462,1.4230769230769231,6.461538461538462,25.692307692307693,5.115384615384615,2.1153846153846154,19.807692307692307,44.03846153846154,0.6538461538461539,1.2692307692307692,2.269230769230769,0.23203846153846155,0.29930769230769233,0.4017692307692309,0.701076923076923,0.63
31,26.08695652173913,55.04347826086956,37.08695652173913,10.0,0.5652173913043478,7.391304347826087,25.347826086956523,2.6956521739130435,1.7391304347826086,20.565217391304348,48.130434782608695,1.3043478260869565,1.3043478260869565,1.173913043478261,0.2479565217391304,0.30300000000000005,0.3488695652173913,0.6518695652173913,0.599
32,30.652173913043477,61.95652173913044,41.34782608695652,11.782608695652174,0.5652173913043478,8.26086956521739,29.608695652173914,3.5217391304347827,1.0869565217391304,19.652173913043477,48.52173913043478,1.0,1.8695652173913044,2.260869565217391,0.2310869565217391,0.2957391304347826,0.34973913043478255,0.6454782608695652,0.593
33,38.04347826086956,69.52173913043478,43.91304347826087,15.26086956521739,1.5217391304347827,8.826086956521738,36.56521739130435,4.434782608695652,1.826086956521739,25.130434782608695,47.608695652173914,0.9565217391304348,2.1739130434782608,2.1739130434782608,0.22834782608695658,0.3251304347826087,0.36573913043478257,0.6908695652173913,0.593
34,31.95,69.25,46.1,14.1,1.75,7.3,30.15,3.45,1.15,20.95,54.1,1.25,1.75,2.9,0.24280000000000004,0.29829999999999995,0.37275,0.6710499999999999,0.586
35,33.857142857142854,66.04761904761905,44.476190476190474,12.095238095238095,0.8571428571428571,8.619047619047619,32.523809523809526,4.619047619047619,2.380952380952381,25.142857142857142,54.19047619047619,1.5238095238095237,1.9047619047619047,3.0,0.25152380952380954,0.31080952380952376,0.4060952380952381,0.7169047619047619,0.58
36,29.291666666666668,57.375,37.791666666666664,12.083333333333334,1.0833333333333333,6.416666666666667,27.916666666666668,3.7083333333333335,1.75,20.583333333333332,52.541666666666664,1.1666666666666667,1.7916666666666667,2.7083333333333335,0.23970833333333333,0.3037083333333333,0.36504166666666665,0.6687500000000001,0.562
37,27.692307692307693,53.07692307692308,35.15384615384615,10.23076923076923,1.5384615384615385,6.153846153846154,26.03846153846154,4.538461538461538,1.6153846153846154,21.115384615384617,41.19230769230769,1.1923076923076923,1.6538461538461537,2.1538461538461537,0.2563076923076924,0.3216538461538462,0.3699230769230769,0.6915769230769231,0.556
38,32.7,69.3,48.25,12.55,0.8,7.7,31.25,4.05,2.65,23.65,49.2,2.5,2.3,4.2,0.24295,0.30189999999999995,0.37539999999999996,0.6773,0.556
39,39.35,76.95,51.95,14.85,1.7,8.45,37.5,2.45,1.0,26.05,56.55,2.5,2.9,1.95,0.26365000000000005,0.3201,0.39755,0.7176500000000001,0.5489999999999999
40,26.434782608695652,57.34782608695652,37.91304347826087,11.652173913043478,1.3043478260869565,6.478260869565218,25.304347826086957,4.130434782608695,1.7826086956521738,22.956521739130434,49.391304347826086,2.0434782608695654,1.826086956521739,2.1739130434782608,0.22230434782608693,0.2894782608695653,0.330695652173913,0.6201739130434781,0.531
41,25.47826086956522,59.73913043478261,41.608695652173914,12.869565217391305,1.2173913043478262,4.043478260869565,24.26086956521739,4.826086956521739,1.434782608695652,16.434782608695652,44.82608695652174,1.391304347826087,1.5217391304347827,1.9565217391304348,0.24243478260869566,0.2992173913043479,0.3445217391304348,0.6437391304347825,0.531
42,36.5,78.0,53.25,16.25,2.05,6.45,35.2,7.65,2.9,22.1,49.75,2.55,2.85,1.95,0.26135,0.31955,0.37860000000000005,0.69815,0.509
43,31.714285714285715,66.19047619047619,43.42857142857143,13.761904761904763,1.619047619047619,7.380952380952381,29.904761904761905,6.428571428571429,2.4761904761904763,21.047619047619047,51.38095238095238,2.1904761904761907,1.5238095238095237,2.4285714285714284,0.22166666666666668,0.27495238095238106,0.33652380952380956,0.6114761904761904,0.5
44,24.03846153846154,51.96153846153846,37.5,8.923076923076923,1.0769230769230769,4.461538461538462,23.03846153846154,4.8076923076923075,1.4615384615384615,18.46153846153846,38.0,1.4615384615384615,1.6538461538461537,1.6923076923076923,0.21857692307692303,0.2863461538461539,0.30907692307692314,0.5954230769230769,0.49700000000000005
45,26.76923076923077,52.65384615384615,34.30769230769231,10.153846153846153,1.1923076923076923,7.0,26.03846153846154,3.576923076923077,1.1923076923076923,18.0,37.61538461538461,1.6923076923076923,1.6923076923076923,2.076923076923077,0.20342307692307696,0.25423076923076926,0.31119230769230766,0.5654230769230769,0.494
46,28.136363636363637,61.54545454545455,44.0,11.727272727272727,1.1363636363636365,4.681818181818182,25.954545454545453,4.181818181818182,1.7727272727272727,19.954545454545453,47.31818181818182,1.4090909090909092,1.1363636363636365,1.6818181818181819,0.23886363636363636,0.29768181818181816,0.34527272727272734,0.6429545454545456,0.488
47,30.782608695652176,62.91304347826087,43.30434782608695,13.26086956521739,1.6521739130434783,4.695652173913044,28.869565217391305,5.6521739130434785,1.5217391304347827,24.26086956521739,41.869565217391305,1.1304347826086956,2.0434782608695654,2.1739130434782608,0.24717391304347827,0.3154782608695652,0.3806521739130435,0.6961304347826088,0.488
48,43.35,72.6,46.5,13.35,1.65,11.1,41.8,7.35,2.3,31.3,56.45,1.45,2.55,3.7,0.24010000000000004,0.3106,0.38355000000000006,0.69415,0.475
49,29.318181818181817,60.45454545454545,41.22727272727273,12.727272727272727,1.3181818181818181,5.181818181818182,27.818181818181817,5.318181818181818,1.9545454545454546,23.136363636363637,49.40909090909091,1.4090909090909092,2.590909090909091,2.272727272727273,0.22277272727272732,0.29077272727272735,0.3372272727272727,0.628,0.457
50,34.7,67.7,45.65,12.65,1.85,7.55,33.55,4.75,1.15,26.3,44.25,1.3,1.85,2.8,0.22995000000000004,0.29455,0.3489,0.6434500000000001,0.451
51,21.923076923076923,47.65384615384615,32.38461538461539,10.115384615384615,1.1538461538461537,4.0,20.923076923076923,3.5384615384615383,1.7692307692307692,17.76923076923077,42.46153846153846,1.2307692307692308,1.5769230769230769,1.3076923076923077,0.23515384615384619,0.29330769230769227,0.3315,0.6248076923076922,0.444
52,22.8,48.44,33.8,9.52,1.64,3.48,21.44,6.68,1.76,19.2,45.84,0.84,1.8,1.76,0.22160000000000005,0.30424,0.32932,0.6335599999999999,0.444
53,21.346153846153847,48.38461538461539,33.65384615384615,9.692307692307692,0.8461538461538461,4.1923076923076925,20.5,4.8076923076923075,1.5384615384615385,16.73076923076923,49.0,1.4230769230769231,1.5769230769230769,1.4230769230769231,0.21707692307692308,0.2803846153846154,0.3433461538461539,0.6237307692307693,0.43799999999999994
54,20.40740740740741,47.629629629629626,32.25925925925926,10.037037037037036,0.8888888888888888,4.444444444444445,19.25925925925926,3.1481481481481484,1.8888888888888888,15.88888888888889,37.111111111111114,1.0740740740740742,1.5555555555555556,1.8888888888888888,0.23833333333333334,0.29722222222222217,0.3512962962962963,0.6485185185185186,0.43799999999999994
55,32.391304347826086,63.65217391304348,42.69565217391305,13.043478260869565,0.9565217391304348,6.956521739130435,30.347826086956523,2.4782608695652173,1.6521739130434783,23.130434782608695,37.65217391304348,2.0434782608695654,1.6956521739130435,1.9130434782608696,0.24273913043478265,0.31713043478260877,0.3703913043478262,0.6875217391304348,0.43799999999999994
56,35.0,65.6,41.65,13.6,1.85,8.5,33.45,7.75,3.1,28.2,58.05,1.75,1.75,3.6,0.22480000000000003,0.29200000000000004,0.35315000000000013,0.64515,0.426
57,42.7,79.8,52.3,15.45,1.55,10.5,40.35,7.15,2.25,23.75,46.0,1.9,2.45,1.95,0.2641,0.31079999999999997,0.41905000000000003,0.72985,0.414
58,32.08695652173913,59.82608695652174,37.95652173913044,12.347826086956522,1.4782608695652173,8.043478260869565,30.347826086956523,5.695652173913044,2.260869565217391,22.652173913043477,50.47826086956522,1.3478260869565217,2.0434782608695654,2.0,0.21473913043478265,0.2702173913043478,0.3592608695652174,0.6294782608695653,0.389
59,29.526315789473685,62.473684210526315,41.473684210526315,12.31578947368421,1.1578947368421053,7.526315789473684,28.05263157894737,5.052631578947368,1.8421052631578947,22.68421052631579,59.78947368421053,1.5789473684210527,1.631578947368421,3.3157894736842106,0.21942105263157896,0.28247368421052643,0.33094736842105255,0.6134210526315789,0.34600000000000003
60,28.68,55.24,35.2,12.2,1.24,6.6,27.6,3.72,2.04,20.72,45.96,0.6,1.68,1.64,0.22835999999999998,0.29516000000000003,0.3574,0.6525599999999998,0.605
61,34.0,65.3,43.5,12.85,1.5,7.45,32.35,5.05,1.6,27.55,57.25,0.9,2.2,1.65,0.22805,0.28785000000000005,0.33820000000000006,0.62605,0.599
62,26.37037037037037,50.888888888888886,32.370370370370374,10.0,0.5925925925925926,7.925925925925926,25.074074074074073,2.1481481481481484,1.0740740740740742,17.74074074074074,48.333333333333336,1.2592592592592593,1.1111111111111112,1.8518518518518519,0.21140740740740746,0.27840740740740744,0.3552962962962963,0.6337037037037037,0.586
63,24.433333333333334,48.46666666666667,31.133333333333333,11.3,0.5333333333333333,5.5,23.166666666666668,3.2333333333333334,1.0333333333333334,14.266666666666667,39.36666666666667,1.0333333333333334,1.8333333333333333,1.5,0.2082000000000001,0.2508333333333334,0.3179666666666667,0.5687999999999999,0.58
64,25.208333333333332,52.583333333333336,34.666666666666664,10.875,1.4166666666666667,5.625,23.291666666666668,3.9166666666666665,1.875,18.375,46.25,0.5833333333333334,1.0,1.75,0.2156666666666667,0.280375,0.33645833333333336,0.6168333333333333,0.58
65,32.15,64.85,40.9,14.2,1.45,8.3,30.6,4.15,1.25,23.3,55.5,1.35,1.75,2.25,0.2395,0.30229999999999996,0.37565000000000004,0.6779500000000002,0.58
66,27.791666666666668,57.458333333333336,39.708333333333336,11.083333333333334,1.0,5.666666666666667,26.458333333333332,4.583333333333333,1.8333333333333333,23.125,44.875,0.7083333333333334,1.625,2.4583333333333335,0.2337916666666667,0.29279166666666673,0.34733333333333327,0.640125,0.574
67,33.68181818181818,67.5,44.13636363636363,13.590909090909092,2.3636363636363638,7.409090909090909,31.727272727272727,4.545454545454546,1.8181818181818181,19.772727272727273,49.18181818181818,1.5,1.7272727272727273,1.5909090909090908,0.26990909090909093,0.34404545454545454,0.4110000000000001,0.7550454545454545,0.574
68,36.95,70.0,46.8,11.35,1.45,10.4,35.9,5.45,2.15,22.55,59.5,1.45,1.8,3.25,0.24464999999999998,0.30279999999999996,0.36290000000000006,0.6657000000000001,0.556
69,31.52173913043478,63.78260869565217,42.869565217391305,12.130434782608695,1.6956521739130435,7.086956521739131,30.347826086956523,2.5652173913043477,1.0,22.217391304347824,47.78260869565217,1.2608695652173914,1.6956521739130435,2.4782608695652173,0.24399999999999997,0.29782608695652174,0.3566956521739131,0.6545217391304348,0.5489999999999999
70,22.0,49.208333333333336,32.833333333333336,9.416666666666666,1.0833333333333333,5.875,21.25,3.25,1.5416666666666667,17.291666666666668,47.541666666666664,0.5,1.125,2.2916666666666665,0.23958333333333334,0.3010416666666666,0.38175000000000003,0.6827916666666668,0.5429999999999999
71,30.727272727272727,67.63636363636364,46.59090909090909,13.409090909090908,1.6818181818181819,5.954545454545454,29.181818181818183,6.0,1.7272727272727273,18.363636363636363,46.40909090909091,1.1363636363636365,1.8636363636363635,1.9090909090909092,0.23145454545454547,0.2749090909090908,0.35090909090909095,0.6258181818181818,0.5429999999999999
72,38.2,75.8,51.75,13.6,1.1,9.35,36.6,6.7,1.65,22.35,55.2,2.15,2.05,2.35,0.2312,0.28735,0.34235,0.6297,0.531
73,25.16,53.44,37.36,10.52,0.92,4.64,23.92,4.16,1.76,19.04,41.44,1.24,1.4,2.08,0.24772,0.3162,0.36368,0.67988,0.525
74,24.791666666666668,54.041666666666664,36.125,10.666666666666666,1.5833333333333333,5.666666666666667,23.458333333333332,6.208333333333333,1.7083333333333333,19.875,45.166666666666664,1.1666666666666667,1.6666666666666667,1.4166666666666667,0.21654166666666672,0.27325,0.33175,0.6050000000000001,0.512
75,33.17391304347826,60.95652173913044,38.08695652173913,12.478260869565217,1.6956521739130435,8.695652173913043,31.304347826086957,6.869565217391305,1.6521739130434783,20.043478260869566,48.869565217391305,1.9130434782608696,1.434782608695652,3.9130434782608696,0.2297391304347826,0.30086956521739133,0.37734782608695655,0.6782173913043479,0.5
76,30.434782608695652,62.91304347826087,44.17391304347826,11.73913043478261,1.3043478260869565,5.695652173913044,28.956521739130434,5.869565217391305,1.608695652173913,21.956521739130434,46.0,1.391304347826087,2.4347826086956523,2.3043478260869565,0.21573913043478263,0.26913043478260873,0.3071739130434783,0.5763043478260869,0.5
77,30.0,61.904761904761905,41.142857142857146,13.19047619047619,1.0,6.571428571428571,28.904761904761905,3.761904761904762,1.8095238095238095,23.333333333333332,54.57142857142857,0.8571428571428571,1.380952380952381,1.9523809523809523,0.21833333333333332,0.28828571428571426,0.33900000000000013,0.6272857142857143,0.488
78,34.95652173913044,63.47826086956522,40.08695652173913,12.173913043478262,0.5652173913043478,10.652173913043478,33.65217391304348,4.043478260869565,1.173913043478261,24.565217391304348,50.608695652173914,1.2173913043478262,2.130434782608696,2.6956521739130435,0.2441304347826087,0.3270869565217391,0.39330434782608703,0.7203913043478262,0.469
79,28.48,52.56,32.8,10.68,1.28,7.8,26.96,4.88,1.28,22.0,55.0,1.04,1.36,1.8,0.20904,0.27516,0.34924,0.6244000000000001,0.46299999999999997
80,26.72,54.68,36.72,10.56,1.12,6.28,25.76,4.6,0.88,17.6,38.36,1.52,1.56,2.44,0.25983999999999996,0.3128,0.42088000000000003,0.7336800000000001,0.457
81,26.375,53.458333333333336,34.833333333333336,10.0,1.5416666666666667,7.083333333333333,25.583333333333332,3.0416666666666665,2.125,17.916666666666668,50.5,1.25,1.875,2.125,0.2177916666666667,0.27975,0.334,0.6137499999999999,0.451
82,27.47826086956522,56.52173913043478,38.04347826086956,11.434782608695652,1.826086956521739,5.217391304347826,25.652173913043477,6.695652173913044,2.0,23.26086956521739,47.56521739130435,1.2608695652173914,1.434782608695652,2.260869565217391,0.22373913043478263,0.3021304347826087,0.35900000000000004,0.6611304347826087,0.444
83,30.85,64.0,43.2,12.0,1.35,7.45,29.05,5.2,1.75,23.25,62.4,1.55,1.75,1.5,0.21830000000000008,0.27684999999999993,0.34405,0.6209000000000001,0.426
84,31.727272727272727,66.22727272727273,46.22727272727273,12.863636363636363,2.590909090909091,4.545454545454546,29.863636363636363,5.363636363636363,1.7727272727272727,21.136363636363637,43.86363636363637,1.2272727272727273,2.772727272727273,1.2727272727272727,0.2371363636363637,0.2937272727272728,0.34290909090909094,0.6366363636363638,0.426
85,35.23809523809524,70.66666666666667,48.04761904761905,13.428571428571429,1.7142857142857142,7.476190476190476,34.23809523809524,4.285714285714286,1.7619047619047619,24.761904761904763,49.857142857142854,1.5714285714285714,2.238095238095238,2.5238095238095237,0.2574761904761906,0.3208095238095238,0.38647619047619053,0.7072857142857142,0.42
86,27.84,51.64,33.44,10.0,1.2,7.0,26.48,5.36,1.72,22.76,52.52,1.28,1.68,2.32,0.20803999999999997,0.27556,0.34620000000000006,0.62176,0.40700000000000003
87,42.473684210526315,80.05263157894737,51.89473684210526,15.947368421052632,1.6842105263157894,10.526315789473685,40.89473684210526,4.7894736842105265,2.3157894736842106,25.157894736842106,57.421052631578945,1.736842105263158,2.789473684210526,3.0,0.22936842105263155,0.2817894736842106,0.37642105263157893,0.6582105263157896,0.395
88,34.45,65.35,42.55,12.0,0.95,9.85,33.3,5.4,1.9,22.8,59.2,1.4,2.25,2.65,0.23975000000000005,0.29525000000000007,0.39705,0.6922999999999999,0.377
89,30.347826086956523,60.130434782608695,38.73913043478261,12.304347826086957,1.0,8.08695652173913,28.52173913043478,4.521739130434782,1.391304347826087,19.608695652173914,50.391304347826086,0.9565217391304348,1.5217391304347827,1.7391304347826086,0.24434782608695657,0.3057826086956522,0.3873043478260869,0.6930869565217394,0.34
90,31.904761904761905,68.19047619047619,46.714285714285715,13.904761904761905,1.4285714285714286,6.142857142857143,29.904761904761905,2.9523809523809526,1.9523809523809523,24.285714285714285,48.714285714285715,0.9047619047619048,2.0476190476190474,1.9523809523809523,0.2527142857142858,0.3176190476190477,0.3697619047619048,0.6873809523809523,0.599
91,29.227272727272727,56.86363636363637,37.63636363636363,10.454545454545455,0.8181818181818182,7.954545454545454,28.09090909090909,1.8636363636363635,1.1363636363636365,22.681818181818183,53.63636363636363,0.7272727272727273,1.5454545454545454,2.5,0.24690909090909094,0.30450000000000005,0.36713636363636365,0.6716363636363637,0.599
92,29.8,58.32,37.36,11.92,0.56,8.48,28.76,3.16,1.16,16.64,44.68,0.92,1.8,1.44,0.21476000000000003,0.25912,0.33084,0.58996,0.593
93,38.68181818181818,71.13636363636364,45.27272727272727,16.454545454545453,1.3181818181818181,8.090909090909092,37.22727272727273,5.590909090909091,0.8636363636363636,26.40909090909091,58.95454545454545,0.9545454545454546,2.272727272727273,3.272727272727273,0.2644545454545455,0.3295,0.41759090909090907,0.7470909090909089,0.593
94,23.2,50.52,31.56,11.6,0.72,6.64,21.88,2.48,1.28,17.32,44.36,0.6,1.2,2.64,0.21947999999999998,0.28012000000000004,0.3530400000000001,0.6331600000000001,0.58
95,36.27777777777778,70.61111111111111,47.166666666666664,14.166666666666666,1.0555555555555556,8.222222222222221,34.611111111111114,3.6666666666666665,1.8888888888888888,30.666666666666668,59.888888888888886,2.0555555555555554,2.5555555555555554,4.0,0.23172222222222225,0.3046666666666667,0.34199999999999997,0.6466666666666667,0.574
96,33.81818181818182,63.13636363636363,41.13636363636363,13.181818181818182,1.0454545454545454,7.7727272727272725,32.31818181818182,5.318181818181818,1.6363636363636365,25.454545454545453,57.86363636363637,1.3636363636363635,2.5454545454545454,2.3181818181818183,0.2225909090909091,0.3033181818181819,0.34149999999999997,0.6448181818181818,0.568
97,34.75,73.6,49.95,13.95,1.8,7.9,32.75,5.6,1.6,20.7,55.3,1.7,1.6,1.25,0.26405,0.3111499999999999,0.3982,0.7093499999999999,0.568
98,24.875,57.666666666666664,40.833333333333336,9.875,0.7916666666666666,6.166666666666667,23.916666666666668,4.375,1.75,17.125,50.041666666666664,0.625,2.0,1.4166666666666667,0.21820833333333337,0.26812500000000006,0.3206666666666667,0.5887916666666667,0.564
99,41.89473684210526,85.3157894736842,59.526315789473685,15.31578947368421,1.2105263157894737,9.263157894736842,40.26315789473684,1.8421052631578947,1.0526315789473684,27.842105263157894,56.1578947368421,1.4736842105263157,2.473684210526316,2.263157894736842,0.2561052631578947,0.3098421052631578,0.3770526315789475,0.6868947368421052,0.5579999999999999
100,25.125,53.875,36.291666666666664,10.958333333333334,0.6666666666666666,5.958333333333333,23.125,4.583333333333333,2.5416666666666665,17.541666666666668,62.0,1.7916666666666667,1.5833333333333333,2.1666666666666665,0.22475,0.28237500000000004,0.3382916666666667,0.6206666666666666,0.556
101,28.08695652173913,62.47826086956522,45.08695652173913,11.043478260869565,1.4782608695652173,4.869565217391305,26.91304347826087,6.6521739130434785,1.391304347826087,18.347826086956523,45.130434782608695,1.565217391304348,1.826086956521739,1.826086956521739,0.23386956521739133,0.28656521739130436,0.34626086956521734,0.6328260869565215,0.531
102,31.82608695652174,64.08695652173913,43.52173913043478,11.73913043478261,1.6956521739130435,7.130434782608695,30.26086956521739,3.5652173913043477,1.4782608695652173,22.695652173913043,52.56521739130435,1.5217391304347827,2.782608695652174,2.0869565217391304,0.22839130434782606,0.345,0.334,0.6789999999999999,0.531
103,27.26086956521739,60.65217391304348,42.21739130434783,11.782608695652174,0.6956521739130435,5.956521739130435,26.0,3.3043478260869565,1.2173913043478262,19.782608695652176,45.130434782608695,1.3478260869565217,2.0869565217391304,2.391304347826087,0.23930434782608695,0.2930434782608695,0.3563478260869566,0.649391304347826,0.525
104,18.48148148148148,45.148148148148145,32.7037037037037,7.925925925925926,1.0740740740740742,3.4444444444444446,17.51851851851852,2.888888888888889,1.0740740740740742,15.74074074074074,40.96296296296296,1.0,0.8888888888888888,2.074074074074074,0.20070370370370366,0.26288888888888884,0.28851851851851856,0.5514074074074073,0.525
105,33.21052631578947,70.57894736842105,47.78947368421053,12.368421052631579,2.263157894736842,8.157894736842104,31.526315789473685,7.473684210526316,2.6315789473684212,21.263157894736842,55.05263157894737,1.8421052631578947,1.8421052631578947,3.6842105263157894,0.23652631578947367,0.2962105263157895,0.3826842105263158,0.6788947368421051,0.5
106,27.90909090909091,61.13636363636363,40.63636363636363,12.954545454545455,0.6818181818181818,6.863636363636363,26.818181818181817,2.3636363636363638,1.5,24.227272727272727,64.5,1.1363636363636365,1.4545454545454546,2.3636363636363638,0.23631818181818182,0.30368181818181816,0.36345454545454553,0.6671363636363637,0.48100000000000004
107,25.041666666666668,53.0,35.875,10.541666666666666,1.25,5.333333333333333,23.791666666666668,4.75,1.4166666666666667,20.625,50.833333333333336,1.0,1.3333333333333333,2.0416666666666665,0.23354166666666665,0.30525,0.34687500000000004,0.652125,0.469
108,19.696969696969695,40.03030303030303,27.454545454545453,7.484848484848484,0.7272727272727273,4.363636363636363,18.575757575757574,3.484848484848485,0.9393939393939394,14.121212121212121,36.42424242424242,1.0606060606060606,1.0909090909090908,1.7272727272727273,0.21281818181818185,0.27512121212121216,0.3260909090909091,0.6012121212121212,0.469
109,29.423076923076923,53.88461538461539,34.19230769230769,11.576923076923077,0.9615384615384616,7.153846153846154,27.846153846153847,2.8461538461538463,1.0769230769230769,21.96153846153846,44.88461538461539,0.8076923076923077,1.8846153846153846,1.7307692307692308,0.208,0.26642307692307693,0.3312692307692308,0.5976923076923077,0.457
110,22.807692307692307,50.57692307692308,34.53846153846154,9.538461538461538,1.1153846153846154,5.384615384615385,21.615384615384617,2.8076923076923075,1.0,15.576923076923077,41.53846153846154,0.6923076923076923,1.1923076923076923,1.9615384615384615,0.21534615384615385,0.27088461538461533,0.3267692307692308,0.5976538461538462,0.457
111,28.272727272727273,59.72727272727273,38.40909090909091,12.409090909090908,1.5909090909090908,7.318181818181818,26.954545454545453,4.2727272727272725,1.9090909090909092,20.772727272727273,54.04545454545455,1.5909090909090908,1.3181818181818181,4.0,0.23995454545454545,0.30059090909090913,0.3694545454545455,0.6700454545454546,0.457
112,25.166666666666668,54.291666666666664,37.25,10.0,1.0833333333333333,5.958333333333333,23.416666666666668,4.833333333333333,1.4166666666666667,19.166666666666668,49.291666666666664,0.9583333333333334,1.4166666666666667,2.125,0.21987500000000001,0.28254166666666664,0.33525000000000005,0.6177916666666666,0.457
113,24.88,52.72,34.56,9.96,0.68,7.52,23.88,1.96,0.92,21.08,53.6,1.0,1.12,1.24,0.21072000000000007,0.27171999999999996,0.3488800000000001,0.6205999999999999,0.451
114,26.869565217391305,61.69565217391305,43.43478260869565,12.130434782608695,1.4782608695652173,4.6521739130434785,25.304347826086957,2.9130434782608696,1.1304347826086956,19.695652173913043,41.0,1.0869565217391304,1.7826086956521738,1.6956521739130435,0.23378260869565218,0.2906521739130435,0.33473913043478265,0.625391304347826,0.43799999999999994
115,40.1578947368421,76.21052631578948,52.21052631578947,16.473684210526315,1.0,6.526315789473684,38.10526315789474,2.3157894736842106,1.1578947368421053,24.63157894736842,50.73684210526316,0.8947368421052632,2.210526315789474,3.263157894736842,0.20105263157894737,0.276,0.2911578947368421,0.5671578947368421,0.40700000000000003
116,34.95,71.0,46.8,14.8,1.15,8.25,33.5,3.6,1.9,29.45,58.15,1.2,2.75,1.8,0.25895,0.3313,0.4102,0.7415000000000002,0.40700000000000003
117,33.13636363636363,66.5909090909091,45.63636363636363,11.909090909090908,1.0454545454545454,8.0,31.40909090909091,6.7727272727272725,2.090909090909091,20.90909090909091,48.0,2.0,1.9090909090909092,2.772727272727273,0.2383181818181819,0.2934545454545454,0.3714545454545455,0.6649090909090909,0.389
118,34.7,67.9,44.5,13.3,0.95,9.15,32.8,5.4,1.9,25.15,53.95,1.25,1.9,1.9,0.2338,0.2968,0.3606999999999999,0.6575,0.38299999999999995
119,28.043478260869566,57.73913043478261,38.69565217391305,10.91304347826087,1.173913043478261,6.956521739130435,26.608695652173914,3.8260869565217392,1.2173913043478262,19.82608695652174,46.82608695652174,1.1304347826086956,1.6521739130434783,1.6521739130434783,0.20739130434782607,0.26082608695652176,0.3329130434782609,0.5937391304347825,0.315
120,23.076923076923077,51.65384615384615,35.5,9.807692307692308,1.8076923076923077,4.538461538461538,21.73076923076923,3.3076923076923075,1.2692307692307692,15.0,40.80769230769231,0.7307692307692307,1.3846153846153846,1.5769230769230769,0.2347307692307693,0.28215384615384614,0.3643461538461538,0.6464999999999999,0.605
121,30.444444444444443,70.55555555555556,49.611111111111114,12.944444444444445,1.2222222222222223,6.777777777777778,29.333333333333332,4.444444444444445,1.7222222222222223,25.27777777777778,67.05555555555556,0.8888888888888888,1.4444444444444444,2.3333333333333335,0.22733333333333336,0.2868333333333333,0.33044444444444454,0.6172777777777778,0.593
122,29.333333333333332,59.708333333333336,39.25,11.0,0.6666666666666666,8.791666666666666,28.333333333333332,1.8333333333333333,0.8333333333333334,16.708333333333332,53.208333333333336,1.2916666666666667,1.5,2.5833333333333335,0.2237083333333333,0.26737500000000003,0.3680833333333333,0.6354583333333333,0.593
123,20.451612903225808,43.61290322580645,29.903225806451612,9.096774193548388,0.6451612903225806,3.967741935483871,19.387096774193548,2.0,0.8064516129032258,17.258064516129032,42.83870967741935,0.6129032258064516,1.6774193548387097,2.193548387096774,0.22706451612903228,0.2925806451612903,0.350258064516129,0.6428387096774195,0.58
124,27.0,57.68181818181818,37.45454545454545,11.863636363636363,1.3636363636363635,7.0,25.90909090909091,2.9545454545454546,1.8181818181818181,19.636363636363637,61.5,1.0909090909090908,1.7727272727272727,2.3636363636363638,0.23009090909090915,0.2852727272727273,0.36054545454545456,0.6458181818181817,0.556
125,27.38095238095238,59.04761904761905,40.23809523809524,11.714285714285714,0.9523809523809523,6.142857142857143,26.095238095238095,5.809523809523809,2.4761904761904763,19.428571428571427,53.80952380952381,1.8095238095238095,1.7619047619047619,2.4285714285714284,0.2225714285714286,0.2816190476190476,0.32419047619047625,0.6058095238095239,0.556
126,27.875,58.708333333333336,40.0,11.833333333333334,0.9583333333333334,5.916666666666667,26.833333333333332,4.333333333333333,1.125,21.0,49.041666666666664,2.0416666666666665,2.0416666666666665,1.75,0.21758333333333335,0.28270833333333334,0.33529166666666677,0.618,0.5489999999999999
127,32.17391304347826,65.65217391304348,42.78260869565217,13.043478260869565,1.7826086956521738,8.043478260869565,30.91304347826087,3.6956521739130435,2.0434782608695654,16.782608695652176,50.17391304347826,1.391304347826087,2.0434782608695654,2.0869565217391304,0.2522608695652174,0.29965217391304344,0.4121739130434783,0.7118260869565219,0.5429999999999999
128,33.0,69.95,46.65,13.95,1.6,7.75,31.25,4.25,1.8,20.85,67.7,0.9,1.9,3.0,0.23845,0.29295000000000004,0.36865,0.6616,0.5429999999999999
129,37.8,77.65,52.4,16.2,1.3,7.75,36.5,5.3,2.05,22.15,56.8,1.0,3.05,2.2,0.25855,0.31084999999999996,0.36445000000000005,0.6752999999999998,0.5429999999999999
130,31.4,65.8,44.75,11.95,0.95,8.15,29.8,6.1,1.85,24.65,71.6,1.05,1.8,2.75,0.23080000000000003,0.29355,0.3586000000000001,0.65215,0.537
131,27.0,60.541666666666664,43.5,11.875,1.2083333333333333,3.9583333333333335,25.125,6.375,1.5,15.833333333333334,40.708333333333336,1.25,1.9583333333333333,2.1666666666666665,0.21329166666666674,0.27775,0.3075833333333333,0.5853333333333334,0.525
132,33.56521739130435,63.608695652173914,42.30434782608695,13.217391304347826,1.3478260869565217,6.739130434782608,31.695652173913043,3.5217391304347827,1.6956521739130435,21.347826086956523,54.56521739130435,1.0434782608695652,2.347826086956522,2.608695652173913,0.2361304347826087,0.2870869565217392,0.34860869565217395,0.6356956521739129,0.519
133,27.8,57.0,38.6,11.6,1.48,5.32,26.8,5.48,2.0,20.12,45.36,0.6,1.72,2.4,0.22211999999999996,0.303,0.3368,0.6398,0.512
134,31.85,68.25,47.8,12.55,1.8,6.1,30.4,2.9,1.05,24.8,65.0,1.55,1.9,1.75,0.23145,0.28975000000000006,0.3437,0.6334500000000001,0.506
135,32.0,67.0,43.5,14.6,1.4,7.5,30.3,5.1,2.15,20.7,53.9,1.35,1.75,3.55,0.21750000000000003,0.28365000000000007,0.34485000000000005,0.6285000000000001,0.488
136,29.083333333333332,57.208333333333336,37.916666666666664,12.916666666666666,1.0833333333333333,5.291666666666667,27.541666666666668,3.5,1.2916666666666667,22.166666666666668,53.625,0.8333333333333334,1.8333333333333333,2.2083333333333335,0.22549999999999995,0.3102916666666667,0.3490416666666667,0.6593333333333334,0.488
137,26.869565217391305,55.608695652173914,37.608695652173914,11.73913043478261,0.8260869565217391,5.434782608695652,25.652173913043477,4.391304347826087,1.4782608695652173,21.956521739130434,48.869565217391305,0.7391304347826086,1.9130434782608696,2.347826086956522,0.21521739130434786,0.2898695652173913,0.331304347826087,0.6211739130434782,0.475
138,24.346153846153847,51.80769230769231,35.65384615384615,9.5,1.0,5.653846153846154,22.73076923076923,4.3076923076923075,1.0,17.384615384615383,43.34615384615385,1.0384615384615385,1.8076923076923077,2.1538461538461537,0.24226923076923074,0.29126923076923084,0.36750000000000005,0.6587692307692308,0.475
139,31.695652173913043,58.869565217391305,40.08695652173913,11.0,1.434782608695652,6.3478260869565215,29.82608695652174,3.608695652173913,0.8695652173913043,25.47826086956522,47.56521739130435,0.6521739130434783,1.8695652173913044,2.130434782608696,0.22473913043478264,0.2943913043478261,0.3367391304347826,0.6311304347826088,0.475
140,26.391304347826086,57.08695652173913,39.82608695652174,10.652173913043478,1.173913043478261,5.434782608695652,25.0,4.739130434782608,1.1304347826086956,18.869565217391305,51.21739130434783,1.2608695652173914,1.608695652173913,2.391304347826087,0.2094782608695652,0.2628260869565217,0.313608695652174,0.5764347826086956,0.469
141,30.318181818181817,63.90909090909091,43.04545454545455,12.454545454545455,1.3636363636363635,7.045454545454546,29.681818181818183,4.7272727272727275,2.0454545454545454,23.09090909090909,50.04545454545455,0.8181818181818182,1.5909090909090908,3.5454545454545454,0.22263636363636372,0.2802272727272727,0.3305909090909091,0.6108181818181818,0.451
142,19.296296296296298,43.18518518518518,30.0,8.11111111111111,1.0740740740740742,4.0,18.037037037037038,3.3703703703703702,1.2592592592592593,16.88888888888889,43.7037037037037,1.1851851851851851,1.6296296296296295,1.4814814814814814,0.21292592592592594,0.27940740740740744,0.3173703703703704,0.5967777777777777,0.451
143,25.565217391304348,54.34782608695652,36.91304347826087,10.347826086956522,1.173913043478261,5.913043478260869,25.695652173913043,3.0,1.7826086956521738,16.652173913043477,50.391304347826086,1.1304347826086956,1.4782608695652173,2.608695652173913,0.22195652173913044,0.2716956521739131,0.33126086956521744,0.6029565217391304,0.451
144,25.8,54.88,37.96,10.12,1.68,5.12,24.68,2.24,1.08,16.56,44.24,0.8,1.92,1.56,0.21308000000000005,0.26232000000000005,0.3170000000000001,0.5793200000000001,0.43799999999999994
145,26.0,57.69565217391305,40.78260869565217,11.434782608695652,0.9130434782608695,4.565217391304348,24.73913043478261,2.4782608695652173,1.391304347826087,20.0,43.95652173913044,1.0434782608695652,1.6956521739130435,3.608695652173913,0.20626086956521741,0.32473913043478264,0.2903478260869566,0.6150869565217391,0.43200000000000005
146,30.6,68.0,47.85,13.1,1.2,5.85,29.2,3.15,1.35,26.3,55.7,2.1,2.65,3.25,0.21480000000000002,0.28559999999999997,0.32615000000000005,0.61175,0.43200000000000005
147,23.555555555555557,51.7037037037037,36.96296296296296,9.592592592592593,1.037037037037037,4.111111111111111,22.074074074074073,3.888888888888889,2.185185185185185,15.407407407407407,42.74074074074074,1.4444444444444444,1.6666666666666667,2.259259259259259,0.24000000000000002,0.297,0.35311111111111115,0.6501111111111112,0.414
148,25.25925925925926,50.77777777777778,33.407407407407405,10.074074074074074,0.8518518518518519,6.444444444444445,24.814814814814813,2.3333333333333335,0.5925925925925926,17.40740740740741,39.03703703703704,1.1111111111111112,1.3703703703703705,1.2962962962962963,0.20807407407407408,0.26881481481481484,0.3267037037037037,0.5955185185185186,0.40700000000000003
149,30.5,62.13636363636363,42.22727272727273,11.818181818181818,1.2272727272727273,6.863636363636363,28.59090909090909,4.590909090909091,1.0454545454545454,22.90909090909091,53.27272727272727,0.5454545454545454,1.8181818181818181,2.5454545454545454,0.22286363636363637,0.29713636363636353,0.35590909090909095,0.6530454545454547,0.395
150,30.869565217391305,63.391304347826086,42.08695652173913,12.521739130434783,2.0869565217391304,6.695652173913044,28.869565217391305,5.739130434782608,1.8695652173913044,20.91304347826087,51.73913043478261,0.8695652173913043,2.4347826086956523,1.3478260869565217,0.2524347826086957,0.3107826086956522,0.40078260869565224,0.7115652173913043,0.617
151,23.708333333333332,55.666666666666664,40.458333333333336,10.291666666666666,0.75,4.166666666666667,22.416666666666668,2.875,1.375,19.041666666666668,41.041666666666664,0.75,1.25,1.8333333333333333,0.2473750000000001,0.30770833333333336,0.36216666666666675,0.6698750000000002,0.605
152,28.4,54.4,35.16,9.8,0.8,8.64,27.32,1.76,1.0,16.6,52.6,0.72,1.28,2.04,0.23235999999999998,0.28756000000000004,0.37040000000000006,0.6579599999999999,0.599
153,29.92,59.68,40.16,11.76,1.32,6.44,28.16,2.84,1.08,19.12,45.48,1.12,1.68,1.84,0.22068000000000002,0.27728,0.3215200000000001,0.5988,0.586
154,29.0,56.65217391304348,36.47826086956522,11.565217391304348,1.2608695652173914,7.3478260869565215,27.956521739130434,4.130434782608695,1.608695652173913,24.043478260869566,59.391304347826086,0.6521739130434783,1.434782608695652,3.217391304347826,0.21956521739130438,0.28691304347826085,0.34595652173913044,0.6328695652173915,0.574
155,28.318181818181817,60.90909090909091,40.90909090909091,11.363636363636363,1.0909090909090908,7.545454545454546,27.045454545454547,6.090909090909091,1.7272727272727273,22.272727272727273,50.86363636363637,1.0909090909090908,1.7727272727272727,1.8181818181818181,0.21922727272727274,0.27695454545454545,0.3402272727272727,0.617181818181818,0.568
156,27.875,58.041666666666664,38.333333333333336,12.625,1.2083333333333333,5.875,26.666666666666668,3.5833333333333335,1.1666666666666667,22.166666666666668,47.75,1.875,2.0833333333333335,1.625,0.24191666666666667,0.2972916666666667,0.36549999999999994,0.6627916666666667,0.556
157,34.142857142857146,68.76190476190476,44.76190476190476,12.904761904761905,2.3333333333333335,8.761904761904763,32.904761904761905,4.619047619047619,2.0476190476190474,18.0,55.714285714285715,1.1904761904761905,1.619047619047619,1.5714285714285714,0.25271428571428567,0.3048095238095238,0.4084285714285714,0.7132380952380952,0.5429999999999999
158,32.68421052631579,72.57894736842105,50.31578947368421,13.68421052631579,1.4210526315789473,7.157894736842105,31.31578947368421,3.5789473684210527,2.210526315789474,21.263157894736842,64.21052631578948,1.4210526315789473,1.9473684210526316,3.4210526315789473,0.2322105263157895,0.2894210526315789,0.3486842105263157,0.6381052631578947,0.537
159,30.75,69.5,46.95,13.25,2.05,7.25,31.6,3.0,2.0,20.45,54.8,1.05,1.75,1.9,0.2508,0.30255,0.38935,0.6918999999999998,0.531
160,33.04545454545455,61.81818181818182,37.54545454545455,12.636363636363637,1.1818181818181819,10.454545454545455,31.40909090909091,5.5,2.1818181818181817,22.0,62.63636363636363,1.1363636363636365,1.9545454545454546,2.5454545454545454,0.25468181818181823,0.32145454545454544,0.4148636363636364,0.7363181818181819,0.525
161,34.42857142857143,71.14285714285714,48.23809523809524,14.285714285714286,2.0,6.619047619047619,32.666666666666664,4.9523809523809526,1.619047619047619,18.238095238095237,45.857142857142854,1.5238095238095237,2.238095238095238,3.6666666666666665,0.20185714285714285,0.2561428571428571,0.3031428571428572,0.5592857142857143,0.519
162,24.48148148148148,49.18518518518518,32.888888888888886,9.0,0.7777777777777778,6.518518518518518,23.0,1.9259259259259258,1.2592592592592593,16.074074074074073,42.2962962962963,1.3333333333333333,1.4814814814814814,2.1481481481481484,0.2230370370370371,0.2820370370370371,0.3751481481481483,0.6571851851851852,0.512
163,27.083333333333332,54.541666666666664,35.125,10.625,1.0833333333333333,7.708333333333333,26.208333333333332,2.4166666666666665,1.4166666666666667,22.958333333333332,46.958333333333336,0.625,1.2083333333333333,2.4166666666666665,0.2439166666666667,0.3213333333333334,0.40274999999999994,0.7240833333333333,0.512
164,26.217391304347824,60.17391304347826,43.17391304347826,10.08695652173913,1.7391304347826086,5.173913043478261,24.391304347826086,4.869565217391305,1.9565217391304348,16.130434782608695,45.17391304347826,0.782608695652174,1.7391304347826086,1.6521739130434783,0.20004347826086957,0.2569565217391305,0.30452173913043473,0.5614782608695651,0.503
165,28.130434782608695,58.43478260869565,38.95652173913044,11.695652173913043,1.4782608695652173,6.304347826086956,26.91304347826087,3.652173913043478,1.2173913043478262,17.652173913043477,51.0,1.0,1.4782608695652173,1.7826086956521738,0.22417391304347825,0.2771304347826087,0.345304347826087,0.6224347826086956,0.5
166,34.35,66.55,42.85,13.7,2.2,7.8,32.8,3.5,1.75,21.8,61.55,1.4,2.05,2.0,0.23835,0.3028,0.36725,0.6700500000000001,0.494
167,29.0,56.47826086956522,35.608695652173914,12.521739130434783,0.7391304347826086,7.608695652173913,27.217391304347824,2.217391304347826,1.0869565217391304,20.82608695652174,50.56521739130435,0.34782608695652173,1.3478260869565217,2.9130434782608696,0.21973913043478263,0.2950434782608696,0.36256521739130426,0.657608695652174,0.488
168,30.52,55.84,35.76,10.84,0.76,8.48,29.44,2.52,1.0,22.12,48.72,0.96,2.16,2.52,0.24520000000000003,0.29308,0.40576,0.69884,0.48100000000000004
169,30.130434782608695,60.95652173913044,40.56521739130435,12.043478260869565,2.0,6.3478260869565215,28.695652173913043,3.391304347826087,1.2608695652173914,20.652173913043477,48.17391304347826,0.5217391304347826,1.6521739130434783,1.7391304347826086,0.21326086956521745,0.2880869565217391,0.33178260869565224,0.6198695652173913,0.469
170,29.0,63.76190476190476,43.23809523809524,12.619047619047619,1.7619047619047619,6.142857142857143,27.523809523809526,4.190476190476191,1.5238095238095237,18.047619047619047,54.95238095238095,1.1904761904761905,1.380952380952381,2.5714285714285716,0.23247619047619056,0.28704761904761905,0.36533333333333334,0.6523809523809524,0.469
171,26.307692307692307,54.92307692307692,37.5,11.076923076923077,1.0384615384615385,5.3076923076923075,24.76923076923077,3.769230769230769,1.7307692307692308,17.53846153846154,45.69230769230769,0.9230769230769231,1.5384615384615385,3.423076923076923,0.20938461538461542,0.2685769230769231,0.3099230769230769,0.5785,0.46
172,30.0,61.333333333333336,40.666666666666664,12.0,1.6666666666666667,7.0,29.238095238095237,3.9047619047619047,1.380952380952381,19.952380952380953,57.523809523809526,1.2380952380952381,1.9523809523809523,1.8571428571428572,0.21742857142857142,0.2677142857142857,0.34147619047619054,0.6091904761904762,0.457
173,28.47826086956522,59.73913043478261,38.869565217391305,11.304347826086957,0.9565217391304348,8.608695652173912,27.043478260869566,2.9565217391304346,1.9130434782608696,20.652173913043477,57.0,1.565217391304348,1.5217391304347827,1.565217391304348,0.21086956521739128,0.27165217391304347,0.34,0.6116521739130435,0.43799999999999994
174,24.925925925925927,53.111111111111114,36.666666666666664,10.296296296296296,1.4444444444444444,4.703703703703703,23.74074074074074,3.4444444444444446,1.3333333333333333,16.62962962962963,38.18518518518518,0.4444444444444444,1.3333333333333333,1.8148148148148149,0.23496296296296304,0.30348148148148146,0.3556296296296297,0.6591111111111111,0.42
175,28.681818181818183,61.0,40.27272727272727,12.727272727272727,1.7727272727272727,6.2272727272727275,27.59090909090909,3.090909090909091,1.7272727272727273,22.272727272727273,51.81818181818182,0.5454545454545454,1.9090909090909092,2.9545454545454546,0.2449090909090909,0.3018181818181819,0.3615,0.6633181818181818,0.42
176,24.73076923076923,53.15384615384615,34.84615384615385,10.692307692307692,1.2307692307692308,6.384615384615385,23.5,3.3461538461538463,1.7307692307692308,16.76923076923077,50.0,0.6538461538461539,1.8076923076923077,3.230769230769231,0.24753846153846146,0.31103846153846154,0.40584615384615386,0.7168846153846153,0.42
177,27.703703703703702,52.407407407407405,34.55555555555556,10.296296296296296,1.1851851851851851,6.37037037037037,26.185185185185187,3.740740740740741,1.4444444444444444,18.62962962962963,45.25925925925926,1.5555555555555556,2.0,2.814814814814815,0.21896296296296303,0.2907037037037038,0.35618518518518516,0.6468888888888888,0.414
178,37.125,61.541666666666664,38.333333333333336,12.833333333333334,0.7083333333333334,9.666666666666666,35.5,3.6666666666666665,0.9583333333333334,23.666666666666668,47.666666666666664,1.4166666666666667,2.5833333333333335,2.25,0.253,0.3259583333333334,0.40291666666666665,0.7288749999999999,0.395
179,34.4,65.55,43.05,13.0,0.65,8.85,33.0,2.85,1.15,26.6,61.5,0.75,2.55,2.05,0.26355000000000006,0.3286,0.40149999999999997,0.7301000000000001,0.389
180,34.714285714285715,68.0952380952381,43.333333333333336,13.19047619047619,2.5714285714285716,9.0,33.0,6.428571428571429,1.4285714285714286,21.761904761904763,61.95238095238095,0.8571428571428571,1.6666666666666667,2.380952380952381,0.22928571428571426,0.2915714285714286,0.40219047619047615,0.6937619047619048,0.64
181,25.68,54.88,37.24,11.72,1.04,4.88,24.32,3.0,1.36,19.84,45.28,0.84,2.04,2.32,0.23555999999999996,0.2878799999999999,0.36008,0.6479599999999999,0.586
182,37.15,70.45,44.3,13.2,0.3,12.65,35.5,0.95,0.65,23.25,65.6,0.7,1.8,2.2,0.24710000000000004,0.31275,0.41315,0.7259,0.586
183,33.76923076923077,61.42307692307692,39.26923076923077,13.192307692307692,0.9615384615384616,8.0,32.15384615384615,3.1923076923076925,0.9230769230769231,21.384615384615383,43.92307692307692,0.3076923076923077,1.5384615384615385,1.6538461538461537,0.22349999999999998,0.29442307692307695,0.33665384615384625,0.6310769230769231,0.584
184,39.35,67.6,42.15,14.15,1.45,9.85,37.0,3.3,1.7,32.0,59.25,0.65,1.85,4.75,0.24000000000000005,0.34085,0.37975000000000003,0.7206000000000001,0.574
185,33.57142857142857,65.71428571428571,43.476190476190474,12.904761904761905,1.5714285714285714,7.761904761904762,31.761904761904763,6.619047619047619,2.4285714285714284,21.0,54.19047619047619,1.2380952380952381,2.0952380952380953,2.380952380952381,0.22833333333333333,0.27466666666666667,0.3423333333333333,0.617,0.562
186,35.18181818181818,65.0909090909091,41.45454545454545,13.909090909090908,1.3181818181818181,8.409090909090908,33.31818181818182,6.090909090909091,1.4090909090909092,24.136363636363637,56.04545454545455,1.2272727272727273,2.727272727272727,2.227272727272727,0.22422727272727272,0.2854545454545454,0.34759090909090906,0.6330454545454546,0.5489999999999999
187,37.68181818181818,68.5,42.86363636363637,14.363636363636363,2.0454545454545454,9.227272727272727,35.59090909090909,3.0,1.7727272727272727,21.818181818181817,55.5,1.2272727272727273,1.5454545454545454,1.7727272727272727,0.2607272727272727,0.31259090909090914,0.42277272727272736,0.7353636363636362,0.5489999999999999
188,29.73913043478261,61.91304347826087,41.21739130434783,12.0,1.434782608695652,7.260869565217392,28.47826086956522,3.347826086956522,1.565217391304348,19.782608695652176,55.43478260869565,1.2608695652173914,1.9130434782608696,2.3043478260869565,0.2577391304347826,0.3123913043478261,0.3701304347826087,0.6825217391304348,0.537
189,35.142857142857146,69.28571428571429,46.095238095238095,11.904761904761905,1.3333333333333333,9.952380952380953,33.904761904761905,2.761904761904762,1.3333333333333333,23.0,59.80952380952381,0.7619047619047619,1.8095238095238095,2.4761904761904763,0.2511904761904762,0.31100000000000005,0.3959047619047619,0.7069047619047618,0.537
190,32.86363636363637,62.04545454545455,38.5,13.227272727272727,1.3181818181818181,9.0,31.227272727272727,4.636363636363637,2.0,25.181818181818183,65.77272727272727,1.0,1.4090909090909092,2.1363636363636362,0.20209090909090913,0.26213636363636367,0.3342272727272727,0.5963636363636364,0.534
191,31.571428571428573,68.0952380952381,47.38095238095238,12.285714285714286,1.5714285714285714,6.857142857142857,29.952380952380953,5.761904761904762,1.6666666666666667,17.904761904761905,56.80952380952381,1.619047619047619,1.619047619047619,2.142857142857143,0.22490476190476194,0.2724285714285714,0.3323333333333333,0.6047619047619047,0.531
192,31.130434782608695,61.21739130434783,41.43478260869565,12.130434782608695,0.8695652173913043,6.782608695652174,29.82608695652174,3.1739130434782608,1.4782608695652173,20.434782608695652,42.78260869565217,1.565217391304348,2.130434782608696,2.217391304347826,0.22769565217391305,0.2805652173913043,0.35221739130434787,0.6327826086956522,0.531
193,29.583333333333332,55.875,35.916666666666664,11.25,0.875,7.833333333333333,27.625,1.875,1.0833333333333333,21.541666666666668,50.0,0.20833333333333334,1.3333333333333333,2.4166666666666665,0.22112500000000002,0.28354166666666664,0.34520833333333334,0.6287499999999998,0.519
194,29.272727272727273,64.72727272727273,45.31818181818182,11.681818181818182,1.9090909090909092,5.818181818181818,27.818181818181817,3.227272727272727,1.2727272727272727,20.045454545454547,49.36363636363637,0.6818181818181818,1.6818181818181819,2.4545454545454546,0.2653181818181818,0.3104090909090909,0.39740909090909093,0.7078181818181817,0.519
195,28.565217391304348,55.21739130434783,35.34782608695652,10.695652173913043,0.8260869565217391,8.347826086956522,27.347826086956523,7.869565217391305,2.4347826086956523,25.73913043478261,61.30434782608695,0.9130434782608695,1.6521739130434783,1.565217391304348,0.21226086956521742,0.30586956521739134,0.3406521739130434,0.6465217391304349,0.5
196,34.333333333333336,66.95238095238095,42.04761904761905,13.714285714285714,1.6666666666666667,9.523809523809524,32.857142857142854,4.333333333333333,1.5238095238095237,24.333333333333332,67.23809523809524,1.1904761904761905,2.0476190476190474,2.0952380952380953,0.23109523809523816,0.30014285714285716,0.3783333333333333,0.6784761904761906,0.491
197,27.083333333333332,54.458333333333336,35.208333333333336,9.583333333333334,0.75,8.916666666666666,26.5,1.75,0.75,20.875,48.666666666666664,0.4583333333333333,1.625,2.5833333333333335,0.25329166666666664,0.3260416666666666,0.421125,0.7471666666666668,0.484
198,28.333333333333332,57.416666666666664,38.75,10.208333333333334,0.8333333333333334,7.625,26.958333333333332,3.0,0.9166666666666666,19.75,48.916666666666664,0.7916666666666666,2.0416666666666665,1.75,0.24225000000000005,0.29770833333333335,0.40420833333333334,0.7019166666666666,0.48100000000000004
199,25.72,53.36,35.28,10.64,0.8,6.64,24.88,2.0,0.84,17.16,44.2,0.4,1.32,1.32,0.21363999999999997,0.26683999999999997,0.32572,0.59256,0.46299999999999997
200,27.0,57.5,38.54545454545455,10.045454545454545,1.5909090909090908,7.318181818181818,25.545454545454547,4.363636363636363,2.0454545454545454,18.772727272727273,57.63636363636363,1.1818181818181819,1.3636363636363635,2.590909090909091,0.2192727272727273,0.28363636363636363,0.34477272727272723,0.6284090909090909,0.457
201,29.916666666666668,57.625,38.583333333333336,11.416666666666666,1.3333333333333333,6.291666666666667,28.375,4.583333333333333,1.875,23.083333333333332,49.75,0.75,1.5,3.2916666666666665,0.21308333333333337,0.279125,0.31945833333333334,0.5985833333333334,0.451
202,23.964285714285715,44.5,28.178571428571427,9.107142857142858,0.9285714285714286,6.285714285714286,22.928571428571427,4.428571428571429,1.6071428571428572,15.571428571428571,48.57142857142857,0.39285714285714285,1.2857142857142858,2.0357142857142856,0.2238214285714286,0.2824285714285714,0.3695714285714286,0.6520000000000001,0.43799999999999994
203,33.34782608695652,62.82608695652174,41.47826086956522,10.91304347826087,0.7391304347826086,9.695652173913043,31.956521739130434,2.4347826086956523,1.2173913043478262,21.956521739130434,55.65217391304348,0.9130434782608695,1.7826086956521738,3.130434782608696,0.2572173913043478,0.31873913043478264,0.38700000000000007,0.7057391304347825,0.426
204,33.095238095238095,66.0952380952381,44.857142857142854,12.666666666666666,2.5714285714285716,6.0,30.571428571428573,3.761904761904762,1.7142857142857142,26.523809523809526,45.61904761904762,0.8571428571428571,2.0,2.0,0.24447619047619049,0.31004761904761907,0.37533333333333335,0.6853809523809524,0.426
205,36.19047619047619,65.0952380952381,39.19047619047619,13.80952380952381,1.4761904761904763,10.619047619047619,33.904761904761905,1.6666666666666667,1.2380952380952381,24.571428571428573,57.76190476190476,0.6190476190476191,1.8571428571428572,3.2857142857142856,0.2411904761904762,0.3055714285714286,0.3903333333333335,0.695904761904762,0.42200000000000004
206,27.958333333333332,55.416666666666664,33.083333333333336,12.0,1.3333333333333333,9.0,26.916666666666668,2.5,1.5416666666666667,18.625,61.458333333333336,0.75,1.1666666666666667,2.875,0.2299583333333333,0.2903333333333334,0.38841666666666663,0.67875,0.42
207,33.21739130434783,62.69565217391305,41.21739130434783,11.173913043478262,1.0,9.304347826086957,32.391304347826086,4.304347826086956,1.565217391304348,18.956521739130434,52.69565217391305,0.7391304347826086,1.7391304347826086,3.0434782608695654,0.2432173913043478,0.3074782608695652,0.4146956521739131,0.7221739130434782,0.42
208,34.36363636363637,61.63636363636363,38.22727272727273,12.545454545454545,0.8181818181818182,10.045454545454545,33.09090909090909,2.4545454545454546,1.0909090909090908,28.681818181818183,61.36363636363637,1.0,1.8181818181818181,2.5,0.1908636363636364,0.2679090909090909,0.31740909090909086,0.5853181818181818,0.42
209,39.421052631578945,71.0,45.1578947368421,13.68421052631579,1.5263157894736843,10.631578947368421,37.578947368421055,6.368421052631579,2.0526315789473686,27.57894736842105,59.31578947368421,0.5789473684210527,3.263157894736842,3.3157894736842106,0.24400000000000005,0.3654736842105263,0.4092105263157894,0.7746842105263159,0.364
210,34.21739130434783,58.95652173913044,34.43478260869565,13.347826086956522,1.6521739130434783,9.521739130434783,33.130434782608695,4.478260869565218,1.3043478260869565,24.434782608695652,57.608695652173914,0.30434782608695654,1.173913043478261,2.260869565217391,0.2376521739130435,0.30582608695652175,0.4257391304347826,0.7315652173913042,0.642
211,31.347826086956523,62.608695652173914,41.82608695652174,12.521739130434783,1.1304347826086956,7.130434782608695,29.91304347826087,3.347826086956522,1.3478260869565217,20.347826086956523,46.82608695652174,0.7391304347826086,1.3478260869565217,2.8260869565217392,0.23804347826086955,0.29595652173913045,0.3673913043478262,0.6633478260869564,0.63
212,30.958333333333332,61.125,39.75,11.208333333333334,0.5,9.666666666666666,29.666666666666668,1.3333333333333333,0.5416666666666666,16.333333333333332,58.5,0.4166666666666667,1.5416666666666667,2.0833333333333335,0.24483333333333335,0.29095833333333326,0.4019166666666667,0.692875,0.623
213,34.130434782608695,63.43478260869565,42.21739130434783,13.08695652173913,0.8260869565217391,7.304347826086956,31.956521739130434,4.608695652173913,1.3478260869565217,24.82608695652174,52.869565217391305,0.34782608695652173,1.565217391304348,2.3043478260869565,0.2784347826086956,0.3462173913043478,0.39334782608695656,0.7395652173913042,0.599
214,36.45454545454545,61.95454545454545,38.5,12.181818181818182,1.2727272727272727,10.0,34.54545454545455,2.727272727272727,1.3636363636363635,27.727272727272727,56.81818181818182,1.0,1.4090909090909092,3.727272727272727,0.23731818181818187,0.32386363636363635,0.390409090909091,0.7142727272727273,0.574
215,43.705882352941174,79.94117647058823,50.64705882352941,14.235294117647058,2.235294117647059,12.823529411764707,41.529411764705884,7.0588235294117645,2.2941176470588234,33.0,70.3529411764706,1.0,2.4705882352941178,4.0588235294117645,0.23029411764705884,0.30641176470588244,0.3884705882352941,0.6948823529411766,0.574
216,37.13636363636363,65.77272727272727,39.68181818181818,15.136363636363637,1.3181818181818181,9.636363636363637,35.45454545454545,4.0,1.0454545454545454,27.40909090909091,52.09090909090909,1.0,2.0454545454545454,2.272727272727273,0.25327272727272726,0.3229545454545455,0.40127272727272734,0.7242272727272727,0.568
217,40.2,73.6,47.85,14.35,1.9,9.5,38.7,2.95,1.7,25.7,62.9,1.0,2.05,2.2,0.23365000000000005,0.30805000000000005,0.36265000000000003,0.6707,0.562
218,33.61904761904762,67.0952380952381,44.333333333333336,12.142857142857142,1.7619047619047619,8.857142857142858,31.761904761904763,3.380952380952381,1.4761904761904763,19.095238095238095,66.19047619047619,1.5714285714285714,1.5238095238095237,3.619047619047619,0.23223809523809527,0.30109523809523814,0.3817619047619048,0.6828571428571427,0.537
219,35.0,68.19047619047619,43.857142857142854,13.761904761904763,1.6666666666666667,8.904761904761905,33.23809523809524,3.0952380952380953,1.619047619047619,23.952380952380953,62.142857142857146,0.5238095238095238,1.2857142857142858,2.4761904761904763,0.25114285714285717,0.3187619047619047,0.3985714285714285,0.7173333333333334,0.531
220,42.57142857142857,75.19047619047619,46.476190476190474,16.428571428571427,0.9523809523809523,11.333333333333334,40.57142857142857,4.666666666666667,2.0,24.19047619047619,51.19047619047619,0.5238095238095238,2.9047619047619047,3.3333333333333335,0.2511904761904762,0.313,0.44799999999999995,0.761,0.525
221,35.1,71.65,47.8,13.0,1.2,9.65,33.0,4.55,1.55,19.45,57.85,0.8,1.85,2.25,0.22205,0.28030000000000005,0.34174999999999994,0.6220499999999998,0.512
222,29.583333333333332,54.708333333333336,35.916666666666664,10.458333333333334,0.5833333333333334,7.75,28.25,5.666666666666667,1.8333333333333333,21.708333333333332,49.458333333333336,0.6666666666666666,1.9166666666666667,2.9166666666666665,0.2143333333333333,0.2820833333333333,0.3424583333333333,0.6245416666666668,0.494
223,30.0,52.36,30.52,12.28,0.8,8.76,28.28,3.08,1.12,25.32,49.6,0.16,1.48,2.4,0.20856000000000002,0.28808000000000006,0.35692000000000007,0.645,0.494
224,40.473684210526315,77.47368421052632,51.473684210526315,14.157894736842104,1.631578947368421,10.210526315789474,38.68421052631579,4.7894736842105265,1.5789473684210527,25.31578947368421,59.526315789473685,0.7368421052631579,2.1052631578947367,3.526315789473684,0.2446315789473684,0.30231578947368426,0.37726315789473686,0.679578947368421,0.494
225,34.285714285714285,63.42857142857143,39.142857142857146,12.571428571428571,1.0476190476190477,10.666666666666666,32.57142857142857,6.095238095238095,1.9523809523809523,25.476190476190474,69.0952380952381,0.5714285714285714,1.2380952380952381,2.4285714285714284,0.2087142857142857,0.27780952380952373,0.3631904761904763,0.6409999999999999,0.48100000000000004
226,47.76470588235294,84.6470588235294,53.94117647058823,16.764705882352942,1.8235294117647058,12.117647058823529,45.64705882352941,5.588235294117647,1.6470588235294117,34.88235294117647,78.47058823529412,1.4705882352941178,2.2941176470588234,2.7058823529411766,0.23835294117647063,0.31188235294117644,0.39164705882352946,0.7035294117647058,0.48100000000000004
227,29.875,55.791666666666664,33.708333333333336,11.666666666666666,1.1666666666666667,9.25,29.083333333333332,2.375,0.9583333333333334,21.458333333333332,49.125,0.5,1.5,2.375,0.24333333333333332,0.3100833333333333,0.40087500000000004,0.7109583333333332,0.475
228,34.28,58.44,37.24,10.64,0.92,9.64,32.84,3.6,0.88,24.52,55.0,0.64,2.24,2.56,0.27363999999999994,0.34168000000000004,0.45472000000000007,0.7964,0.469
229,28.346153846153847,51.61538461538461,30.307692307692307,11.73076923076923,0.5769230769230769,9.0,27.23076923076923,2.1923076923076925,0.8461538461538461,21.653846153846153,56.96153846153846,0.34615384615384615,1.5384615384615385,1.6538461538461537,0.2311923076923077,0.30665384615384617,0.3939615384615385,0.7006153846153846,0.46299999999999997
230,32.095238095238095,64.14285714285714,40.76190476190476,13.523809523809524,1.6666666666666667,8.19047619047619,30.476190476190474,2.8095238095238093,1.1904761904761905,23.047619047619047,61.61904761904762,0.2857142857142857,1.7142857142857142,2.238095238095238,0.2515714285714286,0.32428571428571423,0.4054761904761905,0.7297619047619048,0.46299999999999997
231,28.565217391304348,56.43478260869565,37.73913043478261,10.608695652173912,1.565217391304348,6.521739130434782,27.08695652173913,2.9130434782608696,1.565217391304348,22.130434782608695,47.73913043478261,0.34782608695652173,1.2173913043478262,3.782608695652174,0.2216956521739131,0.2922173913043478,0.33634782608695657,0.6285652173913044,0.46299999999999997
232,25.695652173913043,52.608695652173914,33.73913043478261,9.608695652173912,1.173913043478261,8.08695652173913,24.08695652173913,3.8260869565217392,1.434782608695652,19.73913043478261,60.43478260869565,0.9130434782608695,1.434782608695652,2.217391304347826,0.21673913043478257,0.27669565217391306,0.373913043478261,0.6506086956521736,0.444
233,32.52173913043478,62.21739130434783,40.56521739130435,12.217391304347826,0.7391304347826086,8.695652173913043,30.956521739130434,3.869565217391304,1.5217391304347827,21.17391304347826,54.608695652173914,0.4782608695652174,1.5217391304347827,3.391304347826087,0.22239130434782609,0.2856086956521739,0.3605652173913043,0.6461739130434782,0.43799999999999994
234,22.925925925925927,49.7037037037037,33.592592592592595,10.518518518518519,1.037037037037037,4.555555555555555,21.814814814814813,2.814814814814815,1.2592592592592593,16.962962962962962,40.22222222222222,0.4444444444444444,1.8518518518518519,1.3333333333333333,0.22085185185185183,0.2767407407407408,0.34440740740740744,0.621148148148148,0.43200000000000005
235,32.17391304347826,59.21739130434783,37.56521739130435,12.0,1.2173913043478262,8.434782608695652,30.347826086956523,3.5217391304347827,1.3478260869565217,25.391304347826086,53.91304347826087,0.6086956521739131,1.8695652173913044,2.739130434782609,0.2320869565217391,0.2999130434782609,0.3580869565217391,0.6580000000000003,0.42
236,28.875,55.708333333333336,35.458333333333336,9.416666666666666,1.3333333333333333,9.5,27.875,3.6666666666666665,1.4166666666666667,22.666666666666668,63.75,0.5833333333333334,2.0,2.2916666666666665,0.233,0.30879166666666663,0.39054166666666656,0.6993333333333333,0.414
237,38.0,63.095238095238095,38.666666666666664,12.142857142857142,1.0,11.285714285714286,35.904761904761905,5.380952380952381,2.0952380952380953,25.761904761904763,70.23809523809524,1.2380952380952381,1.8095238095238095,3.857142857142857,0.2199047619047619,0.2857619047619047,0.37204761904761907,0.657809523809524,0.40700000000000003
238,25.59259259259259,48.81481481481482,30.51851851851852,9.925925925925926,0.18518518518518517,8.185185185185185,24.40740740740741,1.962962962962963,0.8888888888888888,20.074074074074073,48.74074074074074,0.8518518518518519,1.2962962962962963,1.8888888888888888,0.2208888888888889,0.27785185185185185,0.38114814814814807,0.6590000000000001,0.395
239,32.08,57.56,35.52,12.32,1.24,8.48,31.28,4.32,1.2,21.04,48.0,0.6,1.8,1.24,0.23951999999999996,0.29664,0.38284,0.67948,0.395
240,30.90909090909091,56.68181818181818,34.95454545454545,11.454545454545455,2.272727272727273,8.0,29.227272727272727,3.4545454545454546,1.1363636363636365,24.772727272727273,60.27272727272727,0.45454545454545453,1.9545454545454546,2.3636363636363638,0.2163181818181818,0.2815454545454546,0.35886363636363644,0.640409090909091,0.667
241,31.083333333333332,58.75,37.416666666666664,12.875,1.2083333333333333,7.25,29.375,3.75,1.5,20.958333333333332,47.291666666666664,0.5416666666666666,1.75,2.75,0.20862500000000006,0.2775,0.33512499999999995,0.612625,0.636
242,22.107142857142858,46.964285714285715,31.071428571428573,8.642857142857142,0.5357142857142857,6.714285714285714,21.178571428571427,2.892857142857143,0.7857142857142857,15.035714285714286,50.142857142857146,0.42857142857142855,1.25,2.0357142857142856,0.22067857142857147,0.28235714285714286,0.35089285714285723,0.6332500000000001,0.617
243,43.6,75.25,45.65,17.65,1.55,10.4,41.3,6.25,1.55,28.4,62.15,0.35,2.4,2.75,0.23795000000000002,0.3077,0.3875,0.6951999999999999,0.599
244,37.4,71.2,47.05,14.2,1.7,8.25,35.35,3.3,1.9,28.4,62.5,0.65,2.3,3.9,0.25100000000000006,0.30885,0.36630000000000007,0.67515,0.589
245,27.28,54.92,37.36,9.88,1.0,6.68,25.84,3.08,1.32,21.88,49.28,0.84,1.4,2.6,0.22144000000000003,0.28596,0.36983999999999995,0.6557999999999999,0.583
246,35.52173913043478,62.82608695652174,39.73913043478261,12.869565217391305,0.8260869565217391,9.391304347826088,34.130434782608695,5.869565217391305,1.565217391304348,24.043478260869566,51.04347826086956,1.0,1.9130434782608696,3.4782608695652173,0.24273913043478262,0.327,0.3958695652173913,0.7228695652173913,0.564
247,37.95,68.9,42.6,13.75,2.1,10.45,36.65,4.75,1.65,24.85,62.55,0.55,1.85,2.5,0.2352500000000001,0.3074,0.3988500000000001,0.7062500000000002,0.562
248,29.818181818181817,60.5,38.63636363636363,11.772727272727273,1.8181818181818181,8.272727272727273,29.045454545454547,4.454545454545454,1.8636363636363635,19.318181818181817,71.86363636363636,1.0454545454545454,1.4545454545454546,3.0,0.24490909090909085,0.3024090909090909,0.386409090909091,0.6888181818181818,0.5579999999999999
249,28.636363636363637,60.27272727272727,39.63636363636363,12.909090909090908,1.5909090909090908,6.136363636363637,27.136363636363637,3.1818181818181817,1.3636363636363635,19.454545454545453,60.45454545454545,0.5909090909090909,1.8181818181818181,2.3636363636363638,0.22509090909090904,0.2854090909090909,0.33804545454545454,0.6234545454545454,0.556
250,39.85,69.4,44.35,13.9,0.9,10.25,38.15,3.55,1.3,28.25,58.9,0.7,2.25,3.05,0.22755,0.29369999999999996,0.38725,0.6809499999999999,0.556
251,27.695652173913043,58.56521739130435,38.30434782608695,12.26086956521739,1.2608695652173914,6.739130434782608,26.304347826086957,5.086956521739131,1.6521739130434783,18.565217391304348,56.43478260869565,1.0,1.7391304347826086,2.9130434782608696,0.23304347826086963,0.29043478260869565,0.36608695652173906,0.6565217391304347,0.5489999999999999
252,25.423076923076923,47.26923076923077,30.307692307692307,8.76923076923077,0.8076923076923077,7.384615384615385,24.192307692307693,3.0384615384615383,0.6923076923076923,18.346153846153847,45.73076923076923,0.2692307692307692,1.4615384615384615,2.730769230769231,0.23434615384615382,0.30165384615384616,0.3927307692307693,0.6943846153846155,0.5429999999999999
253,36.09090909090909,61.59090909090909,36.13636363636363,13.272727272727273,1.5,10.681818181818182,33.63636363636363,3.3181818181818183,1.0909090909090908,28.90909090909091,59.68181818181818,0.36363636363636365,1.7727272727272727,2.772727272727273,0.23659090909090905,0.32149999999999995,0.3932727272727272,0.7147727272727272,0.509
254,25.217391304347824,55.56521739130435,39.43478260869565,9.521739130434783,1.0434782608695652,5.565217391304348,23.782608695652176,1.9565217391304348,1.3478260869565217,19.17391304347826,53.91304347826087,0.5217391304347826,1.3478260869565217,3.130434782608696,0.22495652173913044,0.2929565217391305,0.3264782608695652,0.6194347826086957,0.506
255,29.44,54.44,35.04,9.8,0.96,8.64,28.0,4.96,1.28,21.04,54.16,0.24,1.64,2.28,0.21960000000000002,0.29455999999999993,0.3720799999999999,0.66664,0.506
256,30.666666666666668,57.375,36.333333333333336,13.208333333333334,0.9166666666666666,6.916666666666667,29.333333333333332,1.9583333333333333,1.125,22.25,54.916666666666664,0.7083333333333334,1.5833333333333333,1.5416666666666667,0.23258333333333328,0.2999166666666666,0.36866666666666664,0.6685833333333333,0.494
257,24.59259259259259,45.925925925925924,28.85185185185185,9.592592592592593,1.2592592592592593,6.222222222222222,23.37037037037037,2.6296296296296298,1.4444444444444444,20.59259259259259,47.22222222222222,0.3333333333333333,1.4444444444444444,2.6666666666666665,0.19722222222222222,0.28685185185185186,0.31270370370370365,0.5995555555555555,0.494
258,36.91304347826087,59.73913043478261,35.43478260869565,11.695652173913043,1.0,11.608695652173912,35.69565217391305,2.739130434782609,0.9130434782608695,27.130434782608695,61.26086956521739,0.43478260869565216,2.5652173913043477,2.6956521739130435,0.23752173913043476,0.311,0.4040000000000001,0.715,0.48100000000000004
259,40.6,70.2,41.75,16.1,1.0,11.35,38.85,1.75,1.05,27.5,68.75,0.3,2.2,3.8,0.22910000000000003,0.29325,0.3914000000000001,0.6846500000000001,0.475
260,31.714285714285715,59.142857142857146,37.666666666666664,11.333333333333334,1.380952380952381,8.761904761904763,30.61904761904762,3.2857142857142856,1.2380952380952381,27.333333333333332,65.52380952380952,0.2857142857142857,1.5238095238095237,3.0476190476190474,0.2262857142857143,0.3058571428571429,0.3915714285714285,0.6974285714285714,0.451
261,28.375,56.458333333333336,36.5,11.833333333333334,1.5833333333333333,6.541666666666667,27.375,2.9166666666666665,1.5833333333333333,19.541666666666668,46.5,0.2916666666666667,2.1666666666666665,2.4166666666666665,0.2548333333333333,0.309375,0.38733333333333325,0.6967083333333334,0.451
262,31.842105263157894,66.52631578947368,43.421052631578945,13.052631578947368,1.5789473684210527,8.473684210526315,30.05263157894737,4.947368421052632,1.894736842105263,24.0,72.52631578947368,0.7368421052631579,1.6842105263157894,1.5789473684210527,0.22700000000000004,0.29594736842105257,0.37021052631578955,0.6661578947368422,0.414
263,29.434782608695652,60.82608695652174,40.65217391304348,11.130434782608695,1.391304347826087,7.6521739130434785,27.956521739130434,3.4347826086956523,1.608695652173913,18.695652173913043,52.608695652173914,1.173913043478261,1.7826086956521738,3.0434782608695654,0.24504347826086956,0.3083913043478261,0.364304347826087,0.6726956521739131,0.414
264,25.956521739130434,56.47826086956522,38.52173913043478,10.869565217391305,1.3043478260869565,5.782608695652174,24.47826086956522,3.347826086956522,1.4782608695652173,19.217391304347824,57.04347826086956,0.391304347826087,1.7391304347826086,2.130434782608696,0.24917391304347825,0.3005652173913044,0.3947826086956521,0.6953478260869566,0.40700000000000003
265,35.285714285714285,63.19047619047619,41.714285714285715,11.619047619047619,0.38095238095238093,9.476190476190476,33.42857142857143,3.0,1.5238095238095237,24.666666666666668,60.04761904761905,0.6666666666666666,2.1904761904761907,3.8095238095238093,0.21585714285714291,0.2970476190476191,0.35671428571428576,0.6537619047619048,0.395
266,26.48148148148148,52.2962962962963,35.0,10.148148148148149,1.5925925925925926,5.555555555555555,24.51851851851852,4.7407407407407405,1.8888888888888888,19.962962962962962,50.888888888888886,1.037037037037037,1.8518518518518519,3.7037037037037037,0.23955555555555558,0.30992592592592594,0.38525925925925936,0.6951851851851851,0.391
267,36.85,65.35,41.2,13.25,1.2,9.7,34.8,3.7,1.75,27.75,73.7,1.55,1.7,4.4,0.22144999999999998,0.28630000000000005,0.3548000000000001,0.6411,0.38299999999999995
268,25.25,47.535714285714285,27.821428571428573,11.392857142857142,0.5714285714285714,7.75,24.285714285714285,1.6785714285714286,1.0714285714285714,17.785714285714285,49.035714285714285,0.17857142857142858,1.3214285714285714,2.0714285714285716,0.22550000000000006,0.3056785714285715,0.3776785714285714,0.6833571428571431,0.358
269,32.65217391304348,59.04347826086956,37.69565217391305,12.043478260869565,1.0434782608695652,8.26086956521739,31.26086956521739,5.130434782608695,1.434782608695652,27.17391304347826,51.34782608695652,0.5652173913043478,1.7391304347826086,2.4347826086956523,0.22721739130434787,0.30082608695652174,0.36143478260869566,0.6622608695652172,0.29
270,37.714285714285715,66.0,40.38095238095238,13.523809523809524,1.8571428571428572,10.238095238095237,35.95238095238095,4.142857142857143,0.6666666666666666,25.38095238095238,57.857142857142854,0.23809523809523808,1.8571428571428572,3.3333333333333335,0.2323333333333334,0.3065714285714286,0.4037619047619047,0.7103333333333335,0.66
271,41.95,70.05,42.6,13.55,1.45,12.45,40.5,4.45,1.4,30.55,65.4,0.15,1.7,2.9,0.23754999999999998,0.31415000000000004,0.42060000000000014,0.73475,0.654
272,30.333333333333332,57.416666666666664,37.0,10.5,1.0416666666666667,8.875,29.083333333333332,3.5,1.25,19.208333333333332,59.583333333333336,0.7916666666666666,1.5416666666666667,2.9583333333333335,0.2104166666666667,0.2808333333333334,0.34195833333333336,0.6227916666666667,0.636
273,42.80952380952381,73.95238095238095,44.57142857142857,16.428571428571427,1.2857142857142858,11.666666666666666,40.76190476190476,3.238095238095238,1.4285714285714286,28.095238095238095,65.28571428571429,0.8571428571428571,2.0952380952380953,2.3333333333333335,0.22938095238095238,0.29938095238095236,0.3753809523809523,0.6747619047619048,0.623
274,34.869565217391305,58.21739130434783,34.56521739130435,11.434782608695652,1.1304347826086956,11.08695652173913,33.04347826086956,1.9565217391304348,1.0434782608695652,24.695652173913043,57.26086956521739,0.30434782608695654,1.608695652173913,3.5217391304347827,0.22160869565217392,0.3001304347826087,0.3899565217391304,0.6900869565217392,0.599
275,29.652173913043477,55.869565217391305,34.95652173913044,10.0,1.1304347826086956,9.782608695652174,28.956521739130434,3.260869565217391,1.565217391304348,20.956521739130434,55.78260869565217,0.08695652173913043,1.434782608695652,3.869565217391304,0.2485217391304348,0.32130434782608697,0.41891304347826086,0.7402173913043479,0.599
276,29.576923076923077,52.03846153846154,31.76923076923077,11.0,0.6923076923076923,8.576923076923077,28.115384615384617,3.9615384615384617,1.3461538461538463,21.653846153846153,50.84615384615385,1.4615384615384615,1.7692307692307692,1.9230769230769231,0.20365384615384616,0.27565384615384614,0.3523461538461538,0.628,0.593
277,39.0,69.80952380952381,42.04761904761905,15.19047619047619,1.9047619047619047,10.666666666666666,37.19047619047619,3.380952380952381,1.4761904761904763,22.666666666666668,65.42857142857143,0.42857142857142855,2.0476190476190474,2.0476190476190474,0.23323809523809522,0.2936666666666667,0.4023333333333333,0.696,0.574
278,32.18181818181818,65.54545454545455,44.54545454545455,11.818181818181818,0.9090909090909091,8.272727272727273,30.636363636363637,2.8636363636363638,1.2727272727272727,17.181818181818183,69.86363636363636,1.5454545454545454,1.4545454545454546,3.0,0.22872727272727278,0.28709090909090906,0.3507272727272728,0.637818181818182,0.574
279,26.363636363636363,60.40909090909091,38.5,13.272727272727273,1.8636363636363635,6.7727272727272725,25.272727272727273,2.590909090909091,0.9090909090909091,17.772727272727273,71.81818181818181,0.4090909090909091,1.9090909090909092,2.1818181818181817,0.2160454545454546,0.2700000000000001,0.3472272727272727,0.6172272727272727,0.562
280,43.76190476190476,73.19047619047619,42.76190476190476,15.380952380952381,1.3333333333333333,13.714285714285714,42.42857142857143,3.1904761904761907,1.2380952380952381,30.666666666666668,55.0,0.42857142857142855,2.7142857142857144,3.142857142857143,0.25061904761904763,0.32866666666666666,0.44709523809523805,0.7757619047619048,0.5489999999999999
281,28.791666666666668,56.416666666666664,36.291666666666664,11.708333333333334,1.6666666666666667,6.75,27.25,4.875,1.625,18.958333333333332,58.208333333333336,0.9166666666666666,1.75,2.4583333333333335,0.22770833333333332,0.28987500000000005,0.34808333333333347,0.6379583333333334,0.531
282,27.615384615384617,48.34615384615385,30.423076923076923,9.538461538461538,0.6153846153846154,7.769230769230769,25.846153846153847,2.0384615384615383,0.6538461538461539,21.23076923076923,44.53846153846154,0.15384615384615385,1.4615384615384615,2.5,0.19623076923076924,0.2741538461538462,0.328076923076923,0.6022307692307692,0.525
283,39.5,62.13636363636363,35.22727272727273,13.409090909090908,0.9090909090909091,12.590909090909092,38.36363636363637,2.590909090909091,0.45454545454545453,27.0,56.18181818181818,0.09090909090909091,2.0454545454545454,3.6818181818181817,0.22840909090909098,0.303,0.41181818181818175,0.7148181818181819,0.519
284,24.24,51.92,34.96,10.4,0.72,5.84,23.28,2.2,1.2,15.56,52.64,0.32,1.32,2.84,0.22135999999999995,0.27552,0.34787999999999997,0.6234000000000001,0.519
285,36.04761904761905,63.285714285714285,37.76190476190476,12.904761904761905,0.8095238095238095,11.80952380952381,34.76190476190476,4.809523809523809,1.1904761904761905,29.523809523809526,67.42857142857143,0.23809523809523808,1.8095238095238095,3.4285714285714284,0.229952380952381,0.3174761904761906,0.4146190476190475,0.7320952380952381,0.5
286,46.85,77.35,44.95,15.9,1.15,15.35,45.3,1.4,1.05,26.15,66.3,0.35,2.05,4.05,0.25399999999999995,0.32715000000000005,0.4559,0.78305,0.48100000000000004
287,32.083333333333336,58.041666666666664,36.041666666666664,11.458333333333334,0.7083333333333334,9.833333333333334,31.25,2.3333333333333335,1.125,21.041666666666668,51.916666666666664,0.4583333333333333,1.0833333333333333,3.875,0.2020833333333334,0.27020833333333333,0.34204166666666663,0.6122500000000002,0.475
288,39.25,62.208333333333336,36.666666666666664,12.083333333333334,0.7083333333333334,12.75,37.625,2.2916666666666665,0.9166666666666666,23.708333333333332,59.208333333333336,0.25,1.375,2.0416666666666665,0.24591666666666676,0.32170833333333326,0.4483333333333334,0.7700416666666668,0.46299999999999997
289,36.69565217391305,59.91304347826087,35.04347826086956,12.695652173913043,1.0,11.173913043478262,34.73913043478261,2.130434782608696,0.9130434782608695,25.08695652173913,57.82608695652174,0.2608695652173913,1.565217391304348,3.782608695652174,0.22317391304347825,0.29930434782608695,0.40791304347826085,0.7072173913043478,0.447
290,30.32,53.4,31.52,12.28,1.04,8.56,29.24,3.12,0.72,21.92,52.52,0.44,1.36,2.28,0.19900000000000007,0.25623999999999997,0.3538,0.61004,0.444
291,32.08695652173913,63.26086956521739,41.04347826086956,13.565217391304348,1.608695652173913,7.043478260869565,30.73913043478261,2.782608695652174,1.2608695652173914,18.0,47.82608695652174,0.7391304347826086,1.434782608695652,2.6956521739130435,0.24382608695652172,0.3003478260869566,0.373391304347826,0.6737391304347825,0.43799999999999994
292,30.545454545454547,56.90909090909091,35.86363636363637,10.0,1.0909090909090908,9.954545454545455,29.272727272727273,3.1818181818181817,1.6363636363636365,22.681818181818183,66.04545454545455,0.3181818181818182,1.4090909090909092,2.4545454545454546,0.22604545454545458,0.2954090909090909,0.36495454545454553,0.6603636363636363,0.43200000000000005
293,28.037037037037038,48.2962962962963,29.037037037037038,9.37037037037037,1.037037037037037,8.851851851851851,27.037037037037038,4.2592592592592595,1.7407407407407407,21.703703703703702,58.074074074074076,0.4074074074074074,1.3703703703703705,2.1481481481481484,0.20625925925925928,0.2903703703703704,0.3599259259259259,0.6502962962962963,0.426
294,20.9375,40.75,25.5,9.28125,0.8125,5.15625,20.21875,1.46875,0.875,14.4375,39.8125,0.1875,1.3125,1.53125,0.196125,0.2590625000000001,0.3102500000000001,0.5693125,0.42
295,35.61904761904762,61.80952380952381,39.333333333333336,11.333333333333334,1.1428571428571428,10.0,33.38095238095238,5.476190476190476,1.3333333333333333,26.428571428571427,61.714285714285715,0.42857142857142855,1.7619047619047619,3.5714285714285716,0.23380952380952377,0.3043809523809524,0.38857142857142857,0.6929523809523809,0.414
296,29.5,54.76923076923077,34.15384615384615,11.192307692307692,1.1153846153846154,8.307692307692308,28.0,3.6153846153846154,1.4230769230769231,20.807692307692307,56.96153846153846,0.3076923076923077,1.3076923076923077,2.8076923076923075,0.23646153846153845,0.2937692307692308,0.3938461538461538,0.6876153846153846,0.364
297,42.63157894736842,72.26315789473684,43.68421052631579,15.578947368421053,1.263157894736842,11.736842105263158,40.26315789473684,6.894736842105263,2.0,28.0,82.3157894736842,0.8421052631578947,2.3157894736842106,3.526315789473684,0.2378421052631579,0.30694736842105264,0.41068421052631576,0.7176315789473685,0.35200000000000004
298,30.166666666666668,54.041666666666664,31.625,11.25,0.875,10.291666666666666,29.041666666666668,2.125,0.8333333333333334,21.166666666666668,62.666666666666664,0.5833333333333334,1.1666666666666667,1.875,0.20758333333333334,0.26658333333333334,0.3641666666666667,0.63075,0.33299999999999996
299,40.61904761904762,67.57142857142857,41.23809523809524,14.095238095238095,1.2857142857142858,10.952380952380953,38.38095238095238,5.428571428571429,1.380952380952381,27.38095238095238,55.857142857142854,0.9047619047619048,2.0,3.857142857142857,0.23995238095238097,0.30571428571428566,0.39295238095238083,0.6986666666666665,0.292
