,IP,H,K,BB,HR,ERA,WHIP,PCT
0,50.96785714285714,53.67857142857143,38.214285714285715,19.571428571428573,7.5,6.366428571428572,1.735714285714286,0.599
1,68.29523809523809,63.142857142857146,59.095238095238095,24.047619047619047,6.0,5.517142857142857,1.5571428571428574,0.593
2,62.16521739130434,65.56521739130434,43.78260869565217,22.608695652173914,8.08695652173913,5.522608695652174,1.6069565217391304,0.586
3,63.04347826086956,60.869565217391305,52.43478260869565,25.217391304347824,6.565217391304348,6.027826086956524,1.7508695652173913,0.58
4,62.26086956521739,61.26086956521739,55.130434782608695,26.304347826086957,6.695652173913044,5.504782608695651,1.5973913043478263,0.568
5,62.869565217391305,61.04347826086956,49.130434782608695,22.782608695652176,6.869565217391305,3.907826086956522,1.3182608695652174,0.562
6,67.99047619047619,70.33333333333333,46.0,27.238095238095237,7.0,4.430952380952381,1.4752380952380955,0.562
7,62.482608695652154,61.08695652173913,53.65217391304348,22.82608695652174,6.043478260869565,4.2043478260869565,1.4660869565217391,0.556
8,72.095,73.55,57.45,24.5,6.8,4.604,1.4759999999999995,0.556
9,71.96000000000001,72.25,52.8,26.85,7.1,7.973500000000001,1.6329999999999998,0.5489999999999999
10,46.164516129032265,46.225806451612904,37.67741935483871,17.70967741935484,4.32258064516129,7.1980645161290315,2.025161290322581,0.5429999999999999
11,59.74583333333331,60.125,50.416666666666664,22.833333333333332,5.833333333333333,6.592083333333332,1.7091666666666667,0.531
12,57.16800000000001,62.12,41.4,22.04,7.04,6.319599999999999,1.7031999999999996,0.525
13,68.83809523809522,67.71428571428571,53.80952380952381,26.904761904761905,7.0476190476190474,3.97047619047619,1.4442857142857144,0.512
14,59.84583333333333,55.125,53.083333333333336,22.458333333333332,5.583333333333333,6.026666666666666,2.060416666666667,0.5
15,59.712499999999984,61.958333333333336,52.416666666666664,24.25,7.208333333333333,5.442083333333334,1.5170833333333331,0.5
16,68.91904761904763,71.0952380952381,49.904761904761905,18.238095238095237,7.380952380952381,4.22,1.4880952380952381,0.494
17,72.43999999999998,71.9,55.3,27.25,6.75,4.0085,1.4395000000000002,0.494
18,68.50476190476189,64.23809523809524,54.95238095238095,25.714285714285715,8.523809523809524,4.44,1.3480952380952382,0.494
19,61.98260869565217,57.17391304347826,46.52173913043478,22.26086956521739,6.6521739130434785,3.9899999999999998,1.3860869565217393,0.488
20,69.03809523809525,66.76190476190476,56.333333333333336,19.80952380952381,8.0,6.798571428571428,1.7414285714285718,0.475
21,50.125,55.964285714285715,36.642857142857146,19.214285714285715,5.964285714285714,7.059642857142857,1.725,0.469
22,76.41578947368421,68.6842105263158,68.15789473684211,27.210526315789473,7.315789473684211,3.8605263157894734,1.2763157894736843,0.46299999999999997
23,65.10909090909091,63.72727272727273,44.22727272727273,20.545454545454547,7.136363636363637,4.663181818181818,1.4486363636363637,0.426
24,76.71052631578948,67.3157894736842,70.05263157894737,30.42105263157895,7.052631578947368,3.7694736842105265,1.4142105263157894,0.426
25,76.07368421052631,74.05263157894737,57.578947368421055,24.894736842105264,7.0,4.408421052631579,1.4205263157894736,0.414
26,85.3176470588235,79.23529411764706,69.94117647058823,28.11764705882353,10.294117647058824,4.86529411764706,1.34,0.40700000000000003
27,65.91818181818182,61.59090909090909,53.68181818181818,25.045454545454547,7.363636363636363,5.656818181818181,1.6877272727272727,0.401
28,59.74583333333334,58.625,49.333333333333336,22.458333333333332,6.25,5.03,1.49125,0.377
29,55.00384615384615,56.5,41.07692307692308,19.692307692307693,5.8076923076923075,4.804615384615384,1.5023076923076923,0.35200000000000004
30,57.5,56.56,42.32,17.68,6.36,4.550800000000001,1.4944000000000002,0.63
31,70.27142857142856,63.42857142857143,63.42857142857143,24.80952380952381,5.9523809523809526,3.6776190476190473,1.3042857142857143,0.599
32,53.38148148148148,58.074074074074076,38.666666666666664,19.814814814814813,7.777777777777778,6.291111111111111,1.5962962962962963,0.593
33,55.8153846153846,52.5,46.65384615384615,20.692307692307693,6.0,4.807307692307692,1.393846153846154,0.593
34,64.96363636363637,65.4090909090909,55.63636363636363,26.363636363636363,7.363636363636363,4.376818181818181,1.4295454545454545,0.586
35,69.66666666666667,67.33333333333333,52.95238095238095,25.666666666666668,8.80952380952381,4.93,1.5533333333333332,0.58
36,65.82727272727271,67.36363636363636,46.54545454545455,21.045454545454547,6.954545454545454,4.679545454545455,1.415,0.562
37,49.758620689655174,50.724137931034484,38.55172413793103,18.0,6.068965517241379,4.966551724137931,1.5006896551724138,0.556
38,66.07727272727271,66.5,55.45454545454545,19.954545454545453,6.681818181818182,4.583636363636365,1.4586363636363635,0.556
39,57.37200000000001,56.24,44.6,19.68,5.96,5.206799999999999,1.5539999999999998,0.5489999999999999
40,69.20476190476191,66.80952380952381,58.0,23.761904761904763,7.095238095238095,4.962380952380952,1.5,0.531
41,62.20869565217392,64.21739130434783,51.78260869565217,24.347826086956523,8.173913043478262,6.3734782608695655,1.6582608695652177,0.531
42,65.72272727272725,67.54545454545455,49.09090909090909,25.318181818181817,7.409090909090909,5.045,1.5072727272727275,0.509
43,69.52857142857142,66.0952380952381,50.38095238095238,22.666666666666668,6.761904761904762,5.187142857142857,1.5852380952380951,0.5
44,67.8904761904762,61.285714285714285,60.23809523809524,24.142857142857142,6.285714285714286,4.2128571428571435,1.3738095238095238,0.4970000000000001
45,65.25454545454546,61.27272727272727,57.13636363636363,20.0,6.681818181818182,4.668636363636364,1.4586363636363637,0.494
46,61.504347826086935,67.91304347826087,40.869565217391305,20.82608695652174,7.0,4.76,1.5256521739130433,0.488
47,62.71304347826087,64.43478260869566,48.95652173913044,22.347826086956523,6.391304347826087,4.442173913043478,1.416521739130435,0.488
48,51.8,50.82142857142857,43.642857142857146,18.107142857142858,5.428571428571429,4.198214285714286,1.5157142857142856,0.475
49,55.44615384615384,53.07692307692308,44.61538461538461,19.96153846153846,5.230769230769231,4.2688461538461535,1.4165384615384615,0.457
50,66.89999999999998,60.0,59.04545454545455,18.363636363636363,5.454545454545454,3.3536363636363635,1.3445454545454545,0.451
51,57.711999999999996,60.52,41.24,21.4,6.08,4.525200000000001,1.5412000000000001,0.444
52,65.61363636363636,60.18181818181818,51.77272727272727,23.681818181818183,5.681818181818182,4.346818181818182,1.560909090909091,0.444
53,68.0047619047619,65.19047619047619,51.80952380952381,20.761904761904763,6.904761904761905,4.134285714285714,1.3323809523809527,0.43799999999999994
54,86.06470588235294,74.11764705882354,77.41176470588235,32.88235294117647,5.647058823529412,3.858235294117647,1.3552941176470588,0.43799999999999994
55,63.24782608695652,63.47826086956522,47.65217391304348,19.434782608695652,5.869565217391305,4.79304347826087,1.4556521739130437,0.43799999999999994
56,68.76666666666668,60.142857142857146,54.42857142857143,24.0,7.666666666666667,4.388095238095238,1.4042857142857141,0.426
57,57.475999999999985,53.08,47.16,18.44,6.8,4.5280000000000005,1.3236,0.414
58,50.055172413793095,49.41379310344828,40.310344827586206,18.620689655172413,6.172413793103448,6.748275862068965,1.890344827586207,0.389
59,60.14583333333332,58.458333333333336,43.708333333333336,19.875,5.375,3.5291666666666672,1.3295833333333331,0.34600000000000003
60,62.130434782608674,62.26086956521739,52.17391304347826,18.130434782608695,6.739130434782608,6.173043478260871,1.6691304347826088,0.605
61,68.61428571428571,62.38095238095238,58.666666666666664,22.095238095238095,6.904761904761905,3.4119047619047613,1.2252380952380955,0.599
62,59.015999999999984,57.24,47.0,19.2,7.36,4.4656,1.5748000000000002,0.586
63,57.48400000000001,57.88,47.04,21.08,7.56,5.1812000000000005,1.4984,0.58
64,48.46206896551725,48.206896551724135,38.89655172413793,19.75862068965517,6.0344827586206895,9.540689655172415,2.0572413793103443,0.58
65,85.30588235294117,79.76470588235294,73.41176470588235,25.11764705882353,8.941176470588236,3.3617647058823525,1.3370588235294119,0.58
66,59.879166666666656,62.625,45.25,22.625,7.25,4.947916666666667,1.4279166666666665,0.574
67,52.38148148148149,60.629629629629626,42.370370370370374,20.962962962962962,7.333333333333333,5.595555555555557,1.6425925925925924,0.574
68,60.029166666666676,56.833333333333336,51.916666666666664,20.916666666666668,7.75,4.314583333333332,1.3908333333333331,0.556
69,61.99999999999999,61.26086956521739,57.30434782608695,19.043478260869566,6.565217391304348,4.76,1.5347826086956524,0.5489999999999999
70,56.715999999999994,59.6,46.8,21.6,6.88,5.2304,1.5423999999999998,0.5429999999999999
71,60.15833333333333,62.625,49.041666666666664,22.583333333333332,6.791666666666667,5.2437499999999995,1.668333333333333,0.5429999999999999
72,62.095652173913045,58.21739130434783,50.30434782608695,21.0,8.08695652173913,5.1143478260869575,1.5439130434782609,0.531
73,57.66000000000001,51.08,51.04,21.56,4.88,5.1288,1.47,0.525
74,68.38095238095238,68.95238095238095,53.0,23.571428571428573,6.333333333333333,5.271428571428572,1.51,0.512
75,63.060869565217395,63.391304347826086,60.95652173913044,22.82608695652174,7.3478260869565215,4.609130434782609,1.4678260869565216,0.5
76,59.708333333333336,64.0,39.25,19.333333333333332,8.25,4.944166666666668,1.4133333333333333,0.5
77,50.914285714285704,48.857142857142854,44.285714285714285,17.428571428571427,5.75,8.382142857142856,1.707142857142857,0.488
78,65.42272727272726,63.68181818181818,59.90909090909091,19.59090909090909,8.636363636363637,5.513181818181819,1.5322727272727272,0.469
79,58.57599999999999,54.4,45.44,18.48,5.88,4.2132000000000005,1.456,0.46299999999999997
80,60.258333333333326,57.791666666666664,57.708333333333336,17.041666666666668,7.416666666666667,4.23375,1.410416666666667,0.457
81,59.44999999999999,56.5,49.666666666666664,20.375,6.333333333333333,4.430416666666667,1.39,0.451
82,47.550000000000004,45.2,40.166666666666664,17.966666666666665,5.4,4.318333333333332,1.3876666666666668,0.444
83,80.70555555555556,75.5,64.77777777777777,24.944444444444443,9.222222222222221,4.950555555555556,1.4777777777777779,0.426
84,62.81304347826086,59.17391304347826,53.78260869565217,21.26086956521739,6.173913043478261,4.320869565217392,1.4943478260869567,0.426
85,60.72083333333333,59.166666666666664,50.75,18.166666666666668,5.583333333333333,4.5962499999999995,1.4058333333333335,0.42
86,80.9111111111111,68.5,76.83333333333333,26.055555555555557,7.722222222222222,4.559444444444445,1.322777777777778,0.40700000000000003
87,71.90999999999998,68.75,64.3,22.25,8.75,4.5945,1.3304999999999998,0.395
88,43.46060606060606,43.484848484848484,34.60606060606061,17.363636363636363,6.181818181818182,8.309696969696969,1.9263636363636363,0.377
89,76.9736842105263,68.21052631578948,69.73684210526316,26.157894736842106,6.7894736842105265,3.9921052631578946,1.3273684210526313,0.34
90,64.72608695652173,63.47826086956522,52.95652173913044,21.08695652173913,7.6521739130434785,4.311739130434782,1.4008695652173915,0.599
91,68.88571428571429,63.142857142857146,58.666666666666664,19.476190476190474,6.0476190476190474,3.5138095238095235,1.3009523809523809,0.599
92,55.669230769230765,55.30769230769231,44.96153846153846,18.192307692307693,7.769230769230769,6.252307692307692,1.656923076923077,0.593
93,57.90799999999999,54.64,51.76,20.92,6.24,4.5916,1.4924000000000002,0.593
94,46.52903225806451,42.96774193548387,38.193548387096776,17.419354838709676,5.161290322580645,4.359677419354839,1.441612903225807,0.58
95,73.45000000000002,64.7,64.8,21.75,8.5,4.462000000000001,1.2665000000000002,0.574
96,53.18148148148146,50.333333333333336,51.03703703703704,20.51851851851852,5.444444444444445,4.337777777777778,1.4811111111111113,0.568
97,62.160869565217396,67.17391304347827,46.26086956521739,22.47826086956522,5.913043478260869,5.011304347826087,1.5317391304347825,0.568
98,63.00434782608694,61.91304347826087,54.26086956521739,22.08695652173913,7.913043478260869,4.446956521739132,1.4704347826086959,0.564
99,72.865,68.45,71.4,23.1,6.4,5.3035000000000005,1.5245,0.5579999999999999
100,57.33599999999998,61.2,43.36,24.64,7.64,5.0524000000000004,1.5792,0.556
101,72.19499999999996,68.3,60.4,23.45,7.75,2.5445,1.2154999999999998,0.531
102,55.884615384615365,56.73076923076923,46.15384615384615,20.5,6.423076923076923,8.976153846153846,1.8915384615384616,0.531
103,57.72799999999998,52.72,51.64,18.2,5.08,4.641199999999999,1.536,0.525
104,55.91153846153847,52.92307692307692,45.26923076923077,20.23076923076923,4.653846153846154,5.2153846153846155,1.6415384615384616,0.525
105,68.47619047619048,66.71428571428571,53.57142857142857,22.19047619047619,8.333333333333334,3.700476190476191,1.3009523809523809,0.5
106,65.7090909090909,72.31818181818181,44.77272727272727,20.818181818181817,7.636363636363637,4.960909090909091,1.398181818181818,0.48100000000000004
107,52.46071428571428,51.464285714285715,43.17857142857143,16.321428571428573,5.392857142857143,4.4607142857142845,1.4324999999999999,0.469
108,62.7304347826087,63.130434782608695,53.608695652173914,19.0,7.434782608695652,7.774782608695652,1.6013043478260869,0.469
109,80.51111111111112,74.38888888888889,65.72222222222223,23.77777777777778,9.055555555555555,3.9977777777777783,1.4083333333333332,0.457
110,57.208,58.4,47.92,20.12,6.08,4.644,1.5263999999999998,0.457
111,54.24074074074075,48.111111111111114,46.7037037037037,19.074074074074073,3.740740740740741,4.303703703703704,1.4266666666666665,0.457
112,63.047826086956526,61.17391304347826,50.91304347826087,22.82608695652174,6.782608695652174,3.7926086956521736,1.3556521739130434,0.457
113,66.39999999999999,66.68181818181819,58.95454545454545,21.727272727272727,7.909090909090909,4.768181818181818,1.3772727272727272,0.451
114,68.67619047619048,65.71428571428571,59.80952380952381,24.80952380952381,6.904761904761905,5.064761904761905,1.4676190476190474,0.43799999999999994
115,58.14399999999997,54.64,50.16,18.04,4.48,4.5076,1.3660000000000003,0.40700000000000003
116,72.91499999999999,65.75,65.5,24.1,7.65,3.443,1.327,0.40700000000000003
117,60.68749999999999,57.041666666666664,54.5,20.75,6.541666666666667,4.058333333333333,1.4120833333333334,0.389
118,46.59032258064515,46.806451612903224,38.96774193548387,16.129032258064516,6.290322580645161,6.28225806451613,1.7016129032258067,0.38299999999999995
119,68.55238095238094,65.0952380952381,58.857142857142854,19.285714285714285,6.761904761904762,6.2890476190476186,1.5538095238095235,0.315
120,57.512,58.68,51.12,18.76,6.16,5.884799999999999,1.5268000000000002,0.605
121,72.50499999999998,68.45,65.05,23.6,6.05,3.135,1.2884999999999998,0.593
122,72.80999999999999,67.1,58.7,23.6,7.55,4.0954999999999995,1.2880000000000003,0.593
123,60.86249999999999,60.75,50.541666666666664,19.875,6.416666666666667,3.6937499999999996,1.28,0.58
124,55.992307692307676,53.76923076923077,50.42307692307692,19.346153846153847,4.423076923076923,4.5480769230769225,1.412692307692308,0.556
125,59.94583333333333,53.416666666666664,53.75,21.083333333333332,6.791666666666667,6.983750000000001,1.7599999999999998,0.556
126,66.60454545454546,63.54545454545455,65.9090909090909,21.09090909090909,6.136363636363637,4.72,1.46,0.5489999999999999
127,54.79615384615384,58.76923076923077,41.30769230769231,20.423076923076923,6.653846153846154,5.551923076923076,1.5661538461538456,0.5429999999999999
128,62.29130434782608,63.608695652173914,50.08695652173913,23.956521739130434,6.086956521739131,6.583913043478261,1.873478260869565,0.5429999999999999
129,51.62142857142855,52.392857142857146,44.32142857142857,16.5,4.464285714285714,6.447857142857144,1.6035714285714284,0.5429999999999999
130,51.039285714285725,51.32142857142857,40.607142857142854,17.285714285714285,4.964285714285714,5.228928571428571,1.5078571428571428,0.537
131,62.93043478260869,60.26086956521739,50.78260869565217,19.130434782608695,5.565217391304348,8.979565217391304,1.9056521739130434,0.525
132,49.15,43.53333333333333,44.733333333333334,16.7,4.2,6.468333333333334,1.6193333333333333,0.519
133,60.754166666666656,55.666666666666664,57.125,17.875,5.875,4.010833333333333,1.2687499999999996,0.512
134,58.11999999999999,59.24,47.6,18.32,4.56,4.9556000000000004,1.5431999999999997,0.506
135,76.34210526315788,72.89473684210526,65.57894736842105,22.68421052631579,8.789473684210526,4.181578947368421,1.3242105263157895,0.488
136,62.1782608695652,69.04347826086956,44.82608695652174,17.73913043478261,6.391304347826087,4.798260869565217,1.4899999999999998,0.488
137,66.28636363636362,62.27272727272727,59.22727272727273,23.136363636363637,6.409090909090909,4.684545454545455,1.5018181818181822,0.475
138,45.178125,43.40625,42.8125,12.4375,5.125,6.38,1.6987500000000002,0.475
139,66.28181818181817,57.68181818181818,56.54545454545455,18.454545454545453,6.681818181818182,3.2795454545454543,1.1390909090909092,0.475
140,56.27692307692307,53.69230769230769,48.26923076923077,20.03846153846154,5.153846153846154,5.022692307692308,1.488076923076923,0.469
141,65.91818181818182,60.90909090909091,55.77272727272727,22.59090909090909,5.818181818181818,4.043636363636364,1.302727272727273,0.451
142,59.77916666666665,54.166666666666664,53.5,19.25,4.875,3.285833333333333,1.2641666666666669,0.451
143,72.46,62.0,65.85,23.15,6.85,4.183,1.267,0.451
144,68.76666666666664,62.142857142857146,57.666666666666664,18.523809523809526,6.333333333333333,4.105714285714286,1.3276190476190475,0.43799999999999994
145,62.77826086956523,57.43478260869565,53.08695652173913,20.434782608695652,5.3478260869565215,6.238695652173914,1.6147826086956523,0.4320000000000001
146,63.37391304347825,56.17391304347826,62.47826086956522,20.956521739130434,6.304347826086956,3.9099999999999997,1.2613043478260868,0.4320000000000001
147,38.25405405405404,40.78378378378378,29.972972972972972,13.64864864864865,4.324324324324325,5.037027027027028,1.5575675675675675,0.414
148,55.219230769230755,53.80769230769231,46.07692307692308,18.846153846153847,5.8076923076923075,5.690000000000001,1.4846153846153844,0.40700000000000003
149,81.44444444444443,75.05555555555556,71.55555555555556,19.555555555555557,6.111111111111111,3.2494444444444444,1.2655555555555555,0.395
150,54.07037037037036,53.7037037037037,45.0,18.51851851851852,6.7407407407407405,4.778148148148147,1.453333333333333,0.617
151,39.247222222222206,40.52777777777778,31.86111111111111,15.277777777777779,4.694444444444445,6.0136111111111115,1.629722222222222,0.605
152,64.96818181818182,63.90909090909091,56.04545454545455,21.954545454545453,7.909090909090909,4.175454545454546,1.3800000000000001,0.599
153,55.48076923076922,57.15384615384615,46.84615384615385,18.384615384615383,6.846153846153846,5.122307692307692,1.5165384615384616,0.586
154,53.85555555555555,47.25925925925926,53.0,15.074074074074074,4.962962962962963,4.524444444444444,1.4137037037037041,0.574
155,51.646428571428565,51.285714285714285,44.714285714285715,19.428571428571427,6.321428571428571,4.860357142857144,1.4410714285714281,0.568
156,57.05199999999998,50.84,56.28,16.92,6.4,4.434,1.4083999999999997,0.556
157,47.32666666666664,52.63333333333333,37.06666666666667,19.3,6.1,7.728000000000001,1.8319999999999999,0.5429999999999999
158,68.80952380952381,68.61904761904762,64.61904761904762,22.571428571428573,7.714285714285714,4.086190476190477,1.4942857142857144,0.537
159,55.42692307692307,57.26923076923077,42.30769230769231,18.807692307692307,7.384615384615385,5.171923076923078,1.439615384615385,0.531
160,59.80833333333333,54.5,53.333333333333336,17.625,6.166666666666667,4.196666666666666,1.2904166666666665,0.525
161,60.23749999999999,57.166666666666664,48.333333333333336,20.375,6.458333333333333,3.730833333333333,1.3041666666666665,0.519
162,59.775,56.458333333333336,50.875,19.416666666666668,6.916666666666667,3.8645833333333335,1.3141666666666667,0.512
163,46.41612903225806,42.483870967741936,45.03225806451613,12.741935483870968,4.67741935483871,5.328064516129033,1.4448387096774193,0.512
164,50.728571428571435,49.0,41.142857142857146,18.142857142857142,5.035714285714286,4.192500000000001,1.3939285714285714,0.503
165,54.95,55.07692307692308,48.46153846153846,19.884615384615383,6.769230769230769,5.131923076923077,1.4703846153846156,0.5
166,62.452173913043474,65.47826086956522,45.43478260869565,17.91304347826087,7.086956521739131,4.850869565217391,1.3973913043478263,0.494
167,55.99615384615384,51.57692307692308,51.42307692307692,14.73076923076923,5.846153846153846,6.5649999999999995,1.5623076923076922,0.488
168,46.68709677419355,45.61290322580645,44.193548387096776,15.258064516129032,5.870967741935484,5.953548387096775,1.6006451612903225,0.481
169,49.51379310344828,48.310344827586206,40.62068965517241,16.310344827586206,5.931034482758621,6.233793103448276,1.673793103448276,0.469
170,49.234482758620686,54.86206896551724,39.724137931034484,16.724137931034484,6.551724137931035,5.910689655172414,1.646551724137931,0.469
171,74.19999999999999,69.5,66.9,22.65,5.5,2.9520000000000004,1.2194999999999998,0.46
172,57.376000000000005,54.84,55.72,20.64,6.84,5.416799999999999,1.4780000000000002,0.457
173,53.87777777777775,52.74074074074074,47.51851851851852,18.185185185185187,6.666666666666667,4.692962962962963,1.4859259259259259,0.438
174,68.53333333333332,64.0,55.476190476190474,20.523809523809526,7.380952380952381,3.7695238095238093,1.207142857142857,0.42
175,66.29999999999998,61.68181818181818,60.40909090909091,21.681818181818183,5.545454545454546,3.1427272727272726,1.3872727272727272,0.42
176,57.81999999999999,52.32,54.2,19.08,6.92,4.3764,1.334,0.42
177,47.77333333333332,48.56666666666667,36.46666666666667,16.9,5.633333333333334,4.956666666666666,1.4123333333333334,0.414
178,51.2392857142857,48.32142857142857,39.892857142857146,14.178571428571429,6.178571428571429,4.288571428571428,1.3746428571428573,0.395
179,59.50416666666664,56.875,55.875,15.166666666666666,6.041666666666667,3.801250000000001,1.3204166666666668,0.389
180,49.79655172413792,53.89655172413793,45.44827586206897,20.79310344827586,6.9655172413793105,5.445172413793103,1.562758620689655,0.64
181,41.14857142857143,40.4,35.05714285714286,15.628571428571428,5.057142857142857,5.31,1.506285714285714,0.586
182,54.82307692307691,54.03846153846154,48.0,20.96153846153846,7.0,5.162692307692309,1.448461538461538,0.586
183,59.72083333333335,55.833333333333336,56.75,20.416666666666668,7.333333333333333,5.102083333333334,1.5220833333333337,0.584
184,58.155999999999985,44.84,57.64,19.8,6.52,4.0448,1.288,0.574
185,46.258064516129025,47.0,40.03225806451613,20.516129032258064,8.32258064516129,6.816774193548387,1.7919354838709678,0.562
186,55.24615384615385,51.0,53.76923076923077,17.73076923076923,7.115384615384615,5.095384615384616,1.4861538461538462,0.5489999999999999
187,56.91200000000001,61.28,48.92,21.88,7.24,6.026800000000001,1.6483999999999996,0.5489999999999999
188,53.29259259259258,52.629629629629626,47.03703703703704,19.296296296296298,6.851851851851852,5.09111111111111,1.6959259259259258,0.537
189,64.61363636363636,64.4090909090909,56.0,20.90909090909091,8.272727272727273,5.076363636363637,1.5790909090909095,0.537
190,69.60952380952382,68.42857142857143,66.47619047619048,21.571428571428573,8.571428571428571,4.775714285714286,1.369047619047619,0.534
191,71.69999999999997,71.6,64.3,25.85,10.3,4.722499999999999,1.4349999999999998,0.531
192,47.11333333333332,49.333333333333336,37.86666666666667,16.6,6.933333333333334,4.621,1.4946666666666668,0.531
193,46.622580645161285,40.83870967741935,48.70967741935484,14.96774193548387,5.32258064516129,4.480645161290322,1.3296774193548386,0.519
194,46.06451612903226,43.806451612903224,44.483870967741936,19.193548387096776,4.903225806451613,4.994516129032258,1.519032258064516,0.519
195,52.82962962962964,53.7037037037037,43.51851851851852,19.703703703703702,6.592592592592593,6.235185185185185,1.6470370370370373,0.5
196,51.275,57.714285714285715,42.535714285714285,17.107142857142858,7.892857142857143,5.970000000000001,1.6903571428571431,0.491
197,65.48636363636363,63.5,63.45454545454545,19.954545454545453,6.909090909090909,4.400909090909091,1.3590909090909091,0.484
198,49.07586206896549,46.827586206896555,48.03448275862069,15.310344827586206,7.379310344827586,5.152758620689655,1.462758620689655,0.481
199,57.02400000000001,58.32,47.48,18.52,7.4,5.179200000000001,1.4424000000000001,0.463
200,52.98888888888888,54.370370370370374,48.111111111111114,17.25925925925926,7.888888888888889,7.163703703703703,1.6470370370370373,0.457
201,46.522580645161284,48.0,39.70967741935484,17.193548387096776,5.806451612903226,5.584193548387097,1.651290322580645,0.451
202,47.70000000000001,47.46666666666667,40.7,18.866666666666667,6.1,5.233333333333333,1.5393333333333332,0.438
203,46.74193548387096,45.483870967741936,42.516129032258064,14.838709677419354,6.870967741935484,4.143548387096774,1.4203225806451611,0.426
204,60.66249999999999,55.583333333333336,54.541666666666664,18.291666666666668,6.583333333333333,6.284583333333334,1.6375,0.426
205,72.10999999999999,71.5,64.5,23.75,7.85,5.0520000000000005,1.4375,0.422
206,59.18333333333331,58.083333333333336,56.541666666666664,20.458333333333332,8.75,4.238750000000001,1.405,0.42
207,49.372413793103455,49.6551724137931,39.793103448275865,18.413793103448278,6.896551724137931,6.54655172413793,1.6631034482758618,0.42
208,53.78518518518517,49.51851851851852,48.629629629629626,17.037037037037038,6.7407407407407405,5.907037037037037,1.4785185185185183,0.42
209,60.62500000000001,53.0,61.5,19.5,6.458333333333333,3.4875000000000007,1.1791666666666665,0.364
210,68.29047619047618,62.23809523809524,70.57142857142857,24.523809523809526,8.142857142857142,3.996666666666666,1.309047619047619,0.642
211,55.26538461538461,56.26923076923077,48.38461538461539,22.46153846153846,7.384615384615385,5.4034615384615385,1.5396153846153846,0.63
212,55.12692307692308,57.88461538461539,47.42307692307692,22.26923076923077,9.307692307692308,5.94923076923077,1.6696153846153847,0.623
213,56.72307692307691,53.15384615384615,60.73076923076923,17.884615384615383,7.5,3.97076923076923,1.3996153846153847,0.599
214,57.516000000000005,51.6,57.56,22.08,7.72,5.5248,1.6968,0.574
215,47.42333333333333,48.0,43.333333333333336,21.0,8.233333333333333,5.400000000000001,1.5259999999999998,0.574
216,75.52631578947368,66.63157894736842,84.94736842105263,21.36842105263158,8.578947368421053,3.551578947368421,1.2642105263157892,0.568
217,68.27142857142856,69.19047619047619,60.476190476190474,25.333333333333332,9.047619047619047,4.898571428571429,1.4638095238095237,0.562
218,47.129999999999995,46.1,39.766666666666666,21.066666666666666,8.033333333333333,4.346666666666667,1.3779999999999997,0.537
219,50.43214285714284,56.607142857142854,42.92857142857143,19.178571428571427,7.785714285714286,10.328928571428571,1.9907142857142859,0.531
220,59.91249999999999,54.583333333333336,66.25,21.625,7.958333333333333,4.9245833333333335,1.415,0.525
221,49.389655172413796,51.03448275862069,41.93103448275862,17.896551724137932,6.758620689655173,6.481379310344828,1.766206896551724,0.512
222,46.254838709677415,44.29032258064516,42.32258064516129,15.161290322580646,7.225806451612903,4.674193548387096,1.5248387096774192,0.494
223,55.30384615384614,47.15384615384615,59.57692307692308,17.0,7.076923076923077,4.632307692307692,1.363846153846154,0.494
224,59.85833333333334,60.416666666666664,50.083333333333336,26.125,8.041666666666666,5.273333333333333,1.4875,0.494
225,49.55862068965517,47.58620689655172,46.41379310344828,19.03448275862069,6.379310344827586,4.98344827586207,1.6479310344827587,0.481
226,40.66571428571427,42.285714285714285,33.31428571428572,13.8,6.371428571428571,6.4471428571428575,1.718,0.481
227,50.91428571428572,54.75,49.07142857142857,21.178571428571427,7.75,5.713928571428573,1.5896428571428576,0.475
228,57.73199999999999,49.92,62.4,20.16,7.68,4.0012,1.2708,0.469
229,50.90714285714286,51.57142857142857,42.92857142857143,17.928571428571427,7.5,5.11642857142857,1.4021428571428571,0.463
230,47.77333333333332,49.0,43.63333333333333,17.566666666666666,7.333333333333333,5.225333333333333,1.4453333333333334,0.463
231,59.83333333333332,61.0,52.583333333333336,21.291666666666668,7.583333333333333,4.7008333333333345,1.5045833333333336,0.463
232,50.6892857142857,50.357142857142854,47.25,19.392857142857142,8.035714285714286,5.531071428571429,1.5210714285714286,0.444
233,37.623684210526314,36.68421052631579,32.71052631578947,12.842105263157896,6.2105263157894735,5.166578947368422,1.4626315789473683,0.438
234,65.77727272727272,68.86363636363636,56.09090909090909,22.545454545454547,8.272727272727273,4.549090909090909,1.3804545454545456,0.4320000000000001
235,57.75199999999998,55.72,54.04,19.72,7.32,4.836799999999999,1.4184,0.42
236,49.551724137931025,45.58620689655172,46.62068965517241,17.275862068965516,6.655172413793103,4.375517241379311,1.3882758620689652,0.414
237,47.559999999999995,47.93333333333333,36.9,18.633333333333333,7.133333333333334,5.7476666666666665,1.6,0.407
238,44.18181818181818,44.24242424242424,41.57575757575758,16.636363636363637,6.151515151515151,7.64969696969697,1.9106060606060606,0.395
239,60.112500000000004,54.166666666666664,60.708333333333336,20.625,7.875,10.861249999999998,2.0691666666666664,0.395
240,53.777777777777764,48.407407407407405,53.51851851851852,19.296296296296298,6.333333333333333,4.663333333333333,1.4544444444444442,0.667
241,43.884848484848476,37.39393939393939,43.121212121212125,19.181818181818183,4.636363636363637,5.9006060606060595,1.6124242424242425,0.636
242,49.813793103448276,53.93103448275862,42.13793103448276,20.655172413793103,8.241379310344827,6.561724137931035,1.736551724137931,0.617
243,63.18695652173913,56.73913043478261,67.73913043478261,22.26086956521739,7.6521739130434785,4.4513043478260865,1.3886956521739129,0.599
244,48.79666666666667,43.666666666666664,44.4,20.7,5.133333333333334,4.196666666666667,1.384,0.589
245,53.04444444444442,55.074074074074076,46.44444444444444,19.555555555555557,8.37037037037037,6.829629629629631,1.7481481481481482,0.583
246,55.76153846153847,51.88461538461539,59.38461538461539,15.653846153846153,7.6923076923076925,5.309230769230769,1.5088461538461537,0.564
247,68.88095238095238,65.57142857142857,67.0952380952381,25.0,8.761904761904763,6.437619047619047,1.673809523809524,0.562
248,49.182758620689654,48.37931034482759,43.3448275862069,22.482758620689655,6.758620689655173,5.38448275862069,1.5424137931034485,0.5579999999999999
249,52.54814814814812,52.7037037037037,45.0,18.185185185185187,8.0,7.427777777777777,1.7496296296296296,0.556
250,69.00476190476189,55.38095238095238,80.28571428571429,20.714285714285715,7.190476190476191,2.9719047619047623,1.2933333333333334,0.556
251,54.83076923076923,59.23076923076923,44.5,21.0,7.884615384615385,6.495,1.6853846153846155,0.5489999999999999
252,41.97352941176471,39.64705882352941,40.76470588235294,16.058823529411764,5.970588235294118,4.919705882352941,1.5026470588235294,0.5429999999999999
253,48.963333333333324,42.6,52.166666666666664,14.0,5.933333333333334,4.673000000000001,1.284333333333333,0.509
254,51.17857142857144,49.42857142857143,44.57142857142857,21.607142857142858,6.821428571428571,5.739642857142856,1.542857142857143,0.506
255,51.73571428571427,44.607142857142854,50.857142857142854,19.678571428571427,6.142857142857143,6.480714285714285,1.6239285714285714,0.506
256,47.716666666666654,47.06666666666667,45.86666666666667,19.1,6.433333333333334,5.731333333333334,1.5716666666666665,0.494
257,50.12413793103446,46.86206896551724,49.86206896551724,16.620689655172413,6.310344827586207,6.122068965517242,1.6417241379310346,0.494
258,55.76153846153847,50.42307692307692,62.84615384615385,19.0,6.8076923076923075,3.9976923076923074,1.3088461538461542,0.481
259,44.157575757575735,39.42424242424242,37.484848484848484,14.363636363636363,5.545454545454546,6.123636363636364,1.5303030303030305,0.475
260,53.07037037037038,50.111111111111114,54.22222222222222,18.333333333333332,6.222222222222222,4.502222222222222,1.4325925925925924,0.451
261,59.54583333333331,57.5,55.666666666666664,20.708333333333332,7.25,5.5441666666666665,1.660416666666667,0.451
262,49.979310344827574,49.172413793103445,48.241379310344826,17.79310344827586,6.379310344827586,6.565862068965517,1.7672413793103448,0.414
263,47.906666666666666,46.333333333333336,44.233333333333334,13.233333333333333,6.433333333333334,3.9553333333333343,1.3146666666666669,0.414
264,58.16799999999999,55.44,50.76,20.96,6.24,5.0104,1.4747999999999999,0.407
265,51.646428571428565,48.25,47.75,21.178571428571427,5.107142857142857,4.702142857142857,1.4975,0.395
266,53.28518518518518,45.629629629629626,52.629629629629626,18.37037037037037,6.074074074074074,4.035185185185186,1.2233333333333334,0.391
267,47.42666666666666,50.53333333333333,37.333333333333336,16.366666666666667,7.4,4.863666666666666,1.4739999999999998,0.383
268,40.66,42.17142857142857,37.08571428571429,15.714285714285714,5.942857142857143,6.365142857142857,1.6554285714285715,0.358
269,47.93999999999998,44.0,47.233333333333334,16.233333333333334,6.6,4.8790000000000004,1.497,0.29
270,60.525000000000006,57.833333333333336,59.416666666666664,21.333333333333332,9.041666666666666,4.1883333333333335,1.3570833333333336,0.66
271,48.01666666666666,47.3,46.4,18.2,6.766666666666667,5.327666666666667,1.543,0.654
272,41.95588235294116,45.14705882352941,36.64705882352941,16.441176470588236,8.852941176470589,7.758235294117647,1.8150000000000002,0.636
273,56.24230769230768,54.69230769230769,62.80769230769231,23.26923076923077,8.23076923076923,5.6584615384615375,1.497307692307692,0.623
274,49.3103448275862,47.206896551724135,49.758620689655174,18.310344827586206,6.655172413793103,4.242068965517242,1.4768965517241381,0.599
275,59.533333333333324,52.833333333333336,64.66666666666667,22.333333333333332,8.916666666666666,4.670833333333333,1.3491666666666664,0.599
276,50.910714285714285,46.642857142857146,53.857142857142854,16.071428571428573,7.357142857142857,3.86,1.3332142857142857,0.593
277,49.72413793103447,54.241379310344826,43.58620689655172,20.275862068965516,9.310344827586206,7.000000000000001,1.7237931034482756,0.574
278,56.156000000000006,57.44,52.48,23.28,9.52,5.61,1.5863999999999998,0.574
279,45.93548387096774,50.12903225806452,44.096774193548384,17.29032258064516,8.03225806451613,6.2135483870967745,1.6012903225806452,0.562
280,60.55416666666667,49.916666666666664,69.54166666666667,18.458333333333332,9.416666666666666,4.937500000000001,1.2954166666666667,0.5489999999999999
281,52.35185185185184,55.888888888888886,45.55555555555556,21.40740740740741,8.037037037037036,6.3570370370370375,1.6637037037037037,0.531
282,47.696666666666665,47.13333333333333,46.63333333333333,19.0,8.9,5.069,1.4440000000000002,0.525
283,59.81666666666666,49.958333333333336,63.208333333333336,16.333333333333332,7.708333333333333,4.630833333333334,1.35625,0.519
284,57.45199999999999,53.6,55.12,24.6,9.44,4.982,1.3716000000000002,0.519
285,49.9448275862069,46.96551724137931,51.58620689655172,19.586206896551722,7.724137931034483,6.718620689655172,1.630344827586207,0.5
286,50.19999999999999,50.03448275862069,50.41379310344828,15.517241379310345,6.827586206896552,5.881724137931036,1.5910344827586207,0.481
287,50.13793103448276,48.44827586206897,52.41379310344828,17.24137931034483,7.0344827586206895,5.105862068965518,1.506896551724138,0.475
288,47.78999999999999,45.46666666666667,51.1,16.9,8.133333333333333,5.183666666666666,1.3763333333333336,0.463
289,56.08076923076922,51.57692307692308,49.92307692307692,18.192307692307693,7.730769230769231,4.6461538461538465,1.361923076923077,0.447
290,46.46129032258066,46.54838709677419,44.774193548387096,17.516129032258064,8.32258064516129,4.966129032258066,1.484193548387097,0.444
291,46.070967741935476,48.61290322580645,46.54838709677419,18.806451612903224,7.741935483870968,6.283548387096774,1.6583870967741934,0.438
292,44.39375,43.46875,46.09375,14.40625,6.6875,5.882187500000001,1.50125,0.4320000000000001
293,35.6675,36.95,30.925,12.55,6.5,6.723499999999999,1.6162500000000002,0.426
294,45.6125,43.59375,42.75,16.21875,7.09375,4.7609375,1.405625,0.42
295,65.34545454545456,58.36363636363637,63.54545454545455,24.772727272727273,8.681818181818182,5.150454545454546,1.4668181818181816,0.414
296,47.209677419354826,40.903225806451616,52.29032258064516,14.612903225806452,5.806451612903226,4.217096774193549,1.288709677419355,0.364
297,41.958823529411745,44.38235294117647,40.529411764705884,17.147058823529413,7.029411764705882,8.743235294117646,2.1902941176470585,0.35200000000000004
298,38.5945945945946,39.054054054054056,35.91891891891892,16.2972972972973,6.135135135135135,6.418918918918919,1.7405405405405407,0.333
299,49.42068965517241,46.10344827586207,52.10344827586207,17.689655172413794,6.931034482758621,13.482413793103449,2.4362068965517243,0.292
