Player,Team,Pos,Age,G,AB,R,H,2B,3B,HR,RBI,SB,CS,BB,SO,SH,SF,HBP,AVG,OBP,SLG,OPS
Manny Machado,BAL,SS,27,156,667,88,189,51,3,14,71,6,7,29,113,9,3,2,.283,.314,.432,.746
Starlin Castro,CHC,2B,29,161,666,59,163,34,2,10,44,9,6,30,129,1,1,7,.245,.284,.347,.631
Daniel Murphy,NYM,1B,34,161,658,92,188,38,4,13,78,23,3,32,95,0,5,2,.286,.319,.415,.734
Adam Jones,BAL,OF,34,160,653,100,186,35,1,33,108,14,3,25,136,0,3,8,.285,.318,.493,.811
Dustin Pedroia,BOS,2B,36,160,641,91,193,42,2,9,84,17,5,73,75,0,7,3,.301,.372,.415,.787
Alexei Ramirez,CWS,SS,38,158,637,68,181,39,2,6,48,30,9,26,68,4,4,3,.284,.313,.380,.693
Nick Markakis,BAL,OF,36,160,634,89,172,24,0,10,59,1,2,55,76,0,8,3,.271,.329,.356,.685
Alex Gordon,KC,OF,36,156,633,90,168,27,6,20,81,11,3,52,141,0,6,9,.265,.327,.422,.749
Adrian Beltre,TEX,3B,40,161,631,88,199,32,0,30,92,1,0,50,78,0,2,7,.315,.371,.509,.880
Hunter Pence,SF,OF,36,162,629,91,178,35,5,27,99,22,3,52,115,0,3,3,.283,.339,.483,.822
Jay Bruce,CIN,OF,32,160,626,89,164,43,1,30,109,7,3,63,185,0,5,2,.262,.329,.478,.807
Matt Carpenter,STL,3B,34,157,626,126,199,55,7,11,78,3,3,72,98,3,7,9,.318,.392,.481,.873
Jose Altuve,HOU,2B,29,152,626,64,177,31,2,5,52,35,13,32,85,4,8,2,.283,.316,.363,.679
Prince Fielder,DET,DH,35,162,624,82,174,36,0,25,106,1,1,75,117,0,4,9,.279,.362,.457,.819
Eric Hosmer,KC,1B,30,159,623,86,188,34,3,17,79,11,4,51,100,1,4,1,.302,.353,.448,.801
Elvis Andrus,TEX,SS,31,156,620,91,168,17,4,4,67,42,8,52,97,16,6,4,.271,.328,.331,.659
Mark Trumbo,LAA,DH,34,159,620,85,145,30,2,34,100,5,2,54,184,0,4,0,.234,.294,.453,.747
Kyle Seager,SEA,3B,32,160,615,79,160,32,2,22,69,9,3,68,122,0,5,7,.260,.338,.426,.764
Evan Longoria,TB,3B,34,160,614,91,165,39,3,32,88,1,0,70,162,0,6,3,.269,.343,.498,.841
Ben Zobrist,TB,2B,38,157,612,77,168,36,3,12,71,11,3,72,91,1,6,7,.275,.354,.402,.756
Denard Span,WAS,OF,35,153,610,75,170,28,11,4,47,20,6,42,77,7,1,2,.279,.327,.380,.707
Martin Prado,ARI,3B,36,155,609,70,172,36,2,14,82,3,5,47,53,0,6,2,.282,.333,.417,.750
Alejandro De Aza,CWS,OF,35,153,607,84,160,27,4,17,62,20,8,50,147,6,6,6,.264,.323,.405,.728
Alcides Escobar,KC,SS,33,158,607,57,142,20,4,4,52,22,0,19,84,9,4,3,.234,.259,.300,.559
Brandon Phillips,CIN,2B,38,151,606,80,158,24,2,18,103,5,3,39,98,4,9,8,.261,.310,.396,.706
Torii Hunter,DET,OF,44,144,606,90,184,37,5,17,84,3,2,26,113,3,10,7,.304,.334,.465,.799
Anthony Rizzo,CHC,1B,30,160,606,71,141,40,2,23,80,6,5,76,127,0,2,6,.233,.323,.419,.742
Andrelton Simmons,ATL,SS,30,157,606,76,150,27,6,17,59,6,5,40,55,5,4,3,.248,.296,.396,.692
Victor Martinez,DET,DH,41,159,605,68,182,36,0,14,83,0,2,54,62,0,8,1,.301,.355,.430,.785
Robinson Cano,NYY,2B,37,160,605,81,190,41,0,27,107,7,1,65,85,0,5,6,.314,.383,.516,.899
Jed Lowrie,OAK,2B,35,154,603,80,175,45,2,15,75,1,0,50,91,3,4,2,.290,.344,.446,.790
Kendrys Morales,SEA,1B,36,156,602,64,167,34,0,23,80,0,0,49,114,0,1,5,.277,.336,.449,.785
Paul Goldschmidt,ARI,1B,32,160,602,103,182,36,3,36,125,15,7,99,145,0,5,3,.302,.401,.551,.952
J.J. Hardy,BAL,SS,37,159,601,66,158,27,0,25,76,2,1,38,73,3,2,0,.263,.306,.433,.739
Gerardo Parra,ARI,OF,32,156,601,79,161,43,4,10,48,10,10,48,100,7,4,3,.268,.323,.403,.726
Jimmy Rollins,PHI,SS,41,160,600,65,151,36,2,6,39,22,6,59,93,3,3,1,.252,.318,.348,.666
Ian Desmond,WAS,OF,34,158,600,77,168,38,3,20,80,21,6,43,145,2,5,5,.280,.331,.453,.784
Norichika Aoki,MIL,OF,38,155,597,80,171,20,3,8,37,20,12,55,40,8,3,11,.286,.356,.370,.726
Mike Trout,LAA,OF,28,157,589,109,190,39,9,27,97,33,7,110,136,0,8,9,.323,.432,.557,.989
Jean Segura,MIL,SS,29,146,588,74,173,20,10,12,49,44,13,25,84,2,2,6,.294,.329,.423,.752
Chris Davis,BAL,1B,33,160,584,103,167,42,1,53,138,4,1,72,199,0,7,10,.286,.370,.634,1.004
Andrew McCutchen,PIT,OF,33,157,583,97,185,38,5,21,84,27,10,78,101,0,4,9,.317,.404,.508,.912
Adrian Gonzalez,LAD,1B,37,157,583,69,171,32,0,22,100,1,0,47,98,0,10,1,.293,.342,.461,.803
Billy Butler,KC,1B,33,162,582,62,168,27,0,15,82,0,0,79,102,0,4,3,.289,.374,.412,.786
Joey Votto,CIN,1B,36,162,581,101,177,30,3,24,73,6,3,135,138,0,6,4,.305,.435,.491,.926
Josh Donaldson,OAK,3B,34,158,579,89,174,37,3,24,93,5,2,76,110,1,6,6,.301,.384,.499,.883
Jacoby Ellsbury,BOS,OF,36,134,577,92,172,31,8,9,53,52,4,47,92,1,2,5,.298,.355,.426,.781
Josh Hamilton,LAA,OF,38,151,576,73,144,32,5,21,79,4,0,47,158,0,9,4,.250,.307,.432,.739
Shin-Soo Choo,CIN,OF,37,154,569,107,162,34,2,21,54,20,11,112,133,3,2,26,.285,.423,.462,.885
Ryan Zimmerman,WAS,1B,35,147,568,84,156,26,2,26,79,6,0,60,133,0,3,2,.275,.344,.465,.809
Zack Cozart,CIN,3B,34,151,567,74,144,30,3,12,63,0,0,26,102,13,10,2,.254,.284,.381,.665
Jason Kipnis,CLE,2B,32,149,564,86,160,36,4,17,84,30,7,76,143,5,10,3,.284,.366,.452,.818
Pedro Alvarez,PIT,DH,33,152,558,70,130,22,2,36,100,2,0,48,186,0,4,4,.233,.296,.473,.769
Justin Upton,ATL,OF,32,149,558,94,147,27,2,27,70,8,1,75,161,1,4,5,.263,.354,.464,.818
Brian Dozier,MIN,2B,32,147,558,72,136,33,4,18,66,14,7,51,120,3,4,6,.244,.312,.414,.726
Michael Brantley,CLE,OF,32,151,556,66,158,26,3,10,73,17,4,40,67,3,8,4,.284,.332,.396,.728
Miguel Cabrera,DET,1B,36,148,555,103,193,26,1,44,137,3,0,90,94,0,2,5,.348,.442,.636,1.078
Carlos Beltran,STL,OF,42,145,554,79,164,30,3,24,84,2,1,38,90,1,6,1,.296,.339,.491,.830
Austin Jackson,DET,OF,33,129,552,99,150,30,7,12,49,8,4,52,129,3,3,4,.272,.337,.417,.754
Freddie Freeman,ATL,1B,30,147,551,89,176,27,2,23,109,1,0,66,121,0,5,7,.319,.396,.501,.897
Erick Aybar,LAA,SS,36,138,550,68,149,33,5,6,54,12,7,23,59,8,5,3,.271,.301,.382,.683
Nick Swisher,CLE,OF,39,145,549,74,135,27,2,22,63,1,0,77,138,0,4,4,.246,.341,.423,.764
James Loney,TB,1B,35,158,549,54,164,33,0,13,75,3,1,44,77,1,4,0,.299,.348,.430,.778
Jon Jay,STL,OF,34,157,548,75,151,27,2,7,67,10,5,52,103,9,5,14,.276,.351,.370,.721
Ian Kinsler,TEX,2B,37,136,545,85,151,31,2,13,72,15,11,51,59,3,7,8,.277,.344,.413,.757
Matt Dominguez,HOU,3B,30,152,543,56,131,25,0,21,77,0,1,30,96,2,7,7,.241,.286,.403,.689
Adeiny Hechavarria,MIA,SS,30,148,543,30,123,14,8,3,42,11,10,30,96,4,1,0,.227,.267,.298,.565
Carlos Santana,CLE,1B,33,154,541,75,145,39,1,20,74,3,1,93,110,0,4,4,.268,.377,.455,.832
Brett Gardner,NYY,OF,36,145,539,81,147,33,10,8,52,24,8,52,127,7,3,8,.273,.344,.416,.760
Carlos Gomez,MIL,OF,34,147,536,80,152,27,10,24,73,40,7,37,146,1,6,10,.284,.338,.506,.844
Todd Frazier,CIN,3B,34,150,531,63,124,29,3,19,73,6,5,50,125,2,3,14,.234,.314,.407,.721
Nate McLouth,BAL,OF,38,146,531,76,137,31,4,12,36,30,7,53,86,4,1,4,.258,.329,.399,.728
Edwin Encarnacion,TOR,1B,37,142,530,90,144,29,1,36,104,7,1,82,62,0,5,4,.272,.370,.534,.904
Yoenis Cespedes,OAK,OF,34,135,529,74,127,21,4,26,80,7,7,37,137,0,3,5,.240,.294,.442,.736
Desmond Jennings,TB,OF,33,139,527,82,133,31,6,14,54,20,8,64,115,3,5,3,.252,.334,.414,.748
Pablo Sandoval,SF,3B,33,141,525,52,146,27,2,14,79,0,0,47,79,0,6,6,.278,.341,.417,.758
Adam Dunn,CWS,1B,40,149,525,60,115,15,0,34,86,1,1,76,189,0,3,3,.219,.320,.442,.762
Michael Bourn,CLE,OF,37,130,525,75,138,21,6,6,50,23,12,40,132,5,3,2,.263,.316,.360,.676
Matt Wieters,BAL,C,33,148,523,59,123,29,0,22,79,2,0,43,104,1,12,0,.235,.287,.417,.704
Jonathan Lucroy,MIL,C,33,147,521,59,146,25,6,18,82,9,1,46,69,0,8,5,.280,.340,.455,.795
Chase Headley,SD,3B,35,141,520,59,130,35,2,13,50,8,4,67,142,0,2,11,.250,.347,.400,.747
Buster Posey,SF,C,32,148,520,61,153,34,1,15,72,2,1,60,70,0,7,8,.294,.371,.450,.821
Ichiro Suzuki,NYY,OF,46,150,520,57,136,15,3,7,35,20,4,26,63,6,2,1,.262,.297,.342,.639
Matt Holliday,STL,OF,40,141,520,103,156,31,1,22,94,6,1,69,86,0,4,9,.300,.389,.490,.879
David Ortiz,BOS,DH,44,137,518,84,160,38,2,30,103,4,0,76,88,0,5,1,.309,.395,.564,.959
Chris Johnson,ATL,3B,35,142,514,54,165,34,0,12,68,0,0,29,116,0,2,2,.321,.358,.457,.815
Coco Crisp,OAK,OF,40,131,513,93,134,22,3,22,66,21,5,61,65,2,8,0,.261,.335,.444,.779
Adam LaRoche,WAS,1B,40,152,511,70,121,19,3,20,62,4,1,72,131,0,4,3,.237,.332,.403,.735
Starling Marte,PIT,OF,31,135,510,83,143,26,10,12,35,41,15,25,138,6,1,24,.280,.343,.441,.784
Brandon Belt,SF,1B,31,150,509,76,147,39,4,17,67,5,2,52,125,1,3,6,.289,.360,.481,.841
Allen Craig,STL,OF,35,134,508,71,160,29,2,13,97,2,0,40,100,0,5,10,.315,.373,.457,.830
Yunel Escobar,TB,3B,37,153,508,61,130,27,1,9,56,4,4,57,73,6,4,3,.256,.332,.366,.698
Asdrubal Cabrera,CLE,2B,34,136,508,66,123,35,2,14,64,9,3,35,114,6,5,8,.242,.299,.402,.701
Chris Carter,HOU,1B,33,148,506,64,113,24,2,29,82,2,0,70,212,0,5,4,.223,.320,.451,.771
Yadier Molina,STL,C,37,136,505,68,161,44,0,12,80,3,2,30,55,0,3,3,.319,.359,.477,.836
A.J. Pierzynski,TEX,C,43,134,503,48,137,24,1,17,70,1,1,11,76,0,6,9,.272,.297,.425,.722
Darwin Barney,CHC,2B,34,141,501,49,104,25,1,7,41,4,2,36,64,4,6,6,.208,.266,.303,.569
Brandon Crawford,SF,SS,33,149,499,52,124,24,3,9,43,1,2,42,96,1,3,5,.248,.311,.363,.674
Mike Napoli,BOS,1B,38,139,498,79,129,38,2,23,92,1,1,73,187,0,1,6,.259,.360,.482,.842
Salvador Perez,KC,C,29,138,496,48,145,25,3,13,79,0,0,21,63,0,5,4,.292,.323,.433,.756
Domonic Brown,PHI,OF,32,139,496,65,135,21,4,27,83,8,3,39,97,0,4,1,.272,.324,.494,.818
Justin Morneau,MIN,DH,38,127,495,56,128,32,0,17,74,0,0,37,98,0,5,6,.259,.315,.426,.741
Michael Cuddyer,COL,OF,40,130,489,74,162,31,3,20,84,10,3,46,100,0,3,2,.331,.389,.530,.919
Marco Scutaro,SF,2B,44,127,488,57,145,23,3,2,31,2,0,45,34,9,3,2,.297,.357,.369,.726
Nolan Arenado,COL,3B,28,133,486,49,130,29,4,10,52,2,0,23,72,2,2,1,.267,.301,.405,.706
Jedd Gyorko,SD,3B,31,125,486,62,121,26,0,23,63,1,1,33,123,0,2,4,.249,.301,.444,.745
Ryan Doumit,MIN,OF,38,135,485,49,120,28,1,14,55,1,0,48,99,0,4,1,.247,.314,.396,.710
Andre Ethier,LAD,OF,37,142,482,54,131,33,2,12,52,4,3,61,95,0,3,7,.272,.360,.423,.783
Will Venable,SD,OF,37,151,481,64,129,22,8,22,53,22,6,29,118,2,1,2,.268,.312,.484,.796
Howie Kendrick,LAA,2B,36,122,478,55,142,21,4,13,54,6,3,23,89,3,3,6,.297,.335,.439,.774
Neil Walker,PIT,1B,34,133,478,62,120,24,4,16,53,1,2,50,85,5,3,15,.251,.339,.418,.757
Trevor Plouffe,MIN,3B,33,129,477,44,121,22,1,14,52,2,1,34,112,1,4,6,.254,.309,.392,.701
Shane Victorino,BOS,OF,39,122,477,82,140,26,2,15,61,21,3,25,75,10,2,18,.294,.351,.451,.802
Chase Utley,PHI,2B,41,131,476,73,135,25,6,18,69,8,3,45,79,0,5,5,.284,.348,.475,.823
J.P. Arencibia,TOR,C,34,138,474,45,92,18,0,21,55,0,2,18,148,0,2,3,.194,.227,.365,.592
Chris Denorfia,SD,OF,39,144,473,67,132,21,2,10,47,11,0,42,84,0,4,1,.279,.337,.395,.732
Mike Moustakas,KC,2B,31,136,472,42,110,26,0,12,42,2,4,32,83,1,4,5,.233,.287,.364,.651
Michael Young,PHI,3B,43,126,468,49,129,24,4,8,42,1,0,42,78,0,1,1,.276,.336,.395,.731
Paul Konerko,CWS,1B,43,126,467,41,114,16,0,12,54,0,0,45,74,0,4,4,.244,.313,.355,.668
Adam Lind,TOR,1B,36,143,465,67,134,26,1,23,67,1,0,51,103,0,4,1,.288,.357,.497,.854
David Freese,STL,3B,36,138,462,53,121,26,1,9,60,1,2,47,106,0,3,9,.262,.340,.381,.721
Jayson Werth,WAS,OF,40,129,462,84,147,24,0,25,82,10,1,60,101,0,5,5,.318,.398,.532,.930
Nate Schierholtz,CHC,OF,35,137,462,56,116,32,3,21,68,6,3,29,94,1,5,6,.251,.301,.470,.771
Mitch Moreland,TEX,1B,34,147,462,60,107,24,1,23,60,0,0,45,117,0,8,3,.232,.299,.437,.736
Daniel Nava,BOS,OF,36,134,458,77,139,29,0,12,66,0,2,51,93,4,8,15,.303,.385,.445,.830
Leonys Martin,TEX,OF,31,147,457,66,119,21,6,8,49,36,9,28,104,12,3,8,.260,.313,.385,.698
Raul Ibanez,SEA,OF,47,124,454,54,110,20,2,29,65,0,0,42,128,0,0,0,.242,.306,.487,.793
Justin Smoak,SEA,1B,33,131,454,53,108,19,0,20,50,0,0,64,119,0,1,2,.238,.334,.412,.746
Omar Infante,DET,2B,38,118,453,54,144,24,3,10,51,5,2,20,44,0,3,0,.318,.345,.450,.795
Gregor Blanco,SF,OF,36,141,452,50,120,17,6,3,41,14,9,52,95,3,3,1,.265,.341,.350,.691
Jose Bautista,TOR,3B,39,118,452,82,117,24,0,28,73,7,2,69,84,0,4,3,.259,.358,.498,.856
Wilin Rosario,COL,1B,30,121,449,63,131,22,1,21,79,4,1,15,109,0,1,1,.292,.315,.486,.801
Dan Uggla,ATL,2B,39,136,448,60,80,10,3,22,55,2,0,77,171,0,3,9,.179,.309,.362,.671
Brandon Moss,OAK,DH,36,145,446,73,114,23,3,30,87,4,2,50,140,0,3,6,.256,.337,.522,.859
Troy Tulowitzki,COL,SS,35,126,446,72,139,27,0,25,82,1,0,57,85,0,5,4,.312,.391,.540,.931
Joe Mauer,MIN,1B,36,113,445,62,144,35,0,11,47,0,1,61,89,0,2,0,.324,.404,.476,.880
Lyle Overbay,NYY,1B,43,142,445,43,107,24,1,14,59,2,0,36,111,0,4,0,.240,.295,.393,.688
A.J. Pollock,ARI,OF,32,137,443,64,119,28,5,8,38,12,3,33,82,3,1,2,.269,.322,.409,.731
Stephen Drew,BOS,SS,36,124,442,57,112,29,8,13,67,6,0,54,124,0,4,1,.253,.333,.443,.776
Dayan Viciedo,CWS,OF,30,124,441,43,117,23,3,14,56,0,0,24,98,0,5,3,.265,.304,.426,.730
Andy Dirks,DET,OF,34,131,438,60,112,16,2,9,37,7,1,42,84,1,1,2,.256,.323,.363,.686
Russell Martin,PIT,C,36,127,438,51,99,21,0,15,55,9,5,58,108,1,1,8,.226,.327,.377,.704
J.B. Shuck,LAA,OF,32,129,437,60,128,20,3,2,39,8,4,27,54,6,7,1,.293,.331,.366,.697
David Murphy,TEX,OF,38,142,436,51,96,26,1,13,45,1,4,37,59,0,1,1,.220,.282,.374,.656
Carl Crawford,LAD,OF,38,116,435,62,123,30,3,6,31,15,4,28,66,0,2,3,.283,.329,.407,.736
Jason Castro,HOU,C,32,120,435,63,120,35,1,18,56,2,1,50,130,0,4,2,.276,.350,.485,.835
Mark Ellis,LAD,2B,42,126,433,46,117,13,2,6,48,4,1,26,74,6,5,10,.270,.323,.351,.674
David Wright,NYM,3B,37,112,430,63,132,23,6,18,58,17,3,55,79,0,2,5,.307,.390,.514,.904
Alex Rios,CWS,OF,38,109,430,57,119,22,2,12,55,26,6,32,78,0,1,1,.277,.328,.421,.749
Drew Stubbs,CLE,OF,35,146,430,59,100,21,2,10,45,17,2,44,141,2,3,2,.233,.305,.360,.665
Giancarlo Stanton,MIA,OF,30,116,425,62,106,26,0,24,62,1,0,74,140,0,1,4,.249,.365,.480,.845
Marlon Byrd,NYM,OF,42,117,425,61,121,26,5,21,71,2,4,25,124,1,6,7,.285,.330,.518,.848
Jarrod Saltalamacchia,BOS,C,34,121,425,68,116,40,0,14,65,4,1,43,139,0,2,0,.273,.338,.466,.804
Vernon Wells,NYY,OF,41,130,424,45,99,16,0,11,50,7,3,30,73,0,4,0,.233,.282,.349,.631
Justin Ruggiano,MIA,OF,37,128,424,49,94,18,1,18,50,15,8,41,114,1,0,5,.222,.298,.396,.694
Bryce Harper,WAS,OF,27,118,424,71,116,24,3,20,58,11,4,61,94,3,4,5,.274,.368,.486,.854
Jeff Keppinger,CWS,3B,39,117,423,38,107,13,1,4,40,0,1,20,41,2,5,0,.253,.283,.317,.600
Colby Rasmus,TOR,OF,33,118,417,57,115,26,1,22,66,0,1,37,135,0,1,3,.276,.338,.501,.839
Dexter Fowler,COL,OF,33,119,415,71,109,18,3,12,42,19,9,65,105,4,2,6,.263,.369,.407,.776
Nelson Cruz,TEX,DH,39,109,413,49,110,18,0,27,76,5,1,35,109,0,4,4,.266,.327,.506,.833
Miguel Montero,ARI,C,36,116,413,44,95,14,0,11,42,0,0,51,110,0,6,5,.230,.318,.344,.662
Matt Joyce,TB,OF,35,140,413,61,97,22,0,18,47,7,3,59,87,0,7,2,.235,.328,.419,.747
Pete Kozma,STL,SS,31,143,410,44,89,20,0,1,35,3,1,34,91,1,3,0,.217,.275,.273,.548
Jhonny Peralta,DET,3B,37,107,409,50,124,30,0,11,55,3,3,35,98,1,2,1,.303,.358,.457,.815
Conor Gillaspie,CWS,3B,32,134,408,46,100,14,3,13,40,0,1,37,79,0,6,1,.245,.305,.390,.695
Brandon Barnes,HOU,OF,33,136,408,46,98,17,1,8,41,11,11,21,127,6,2,8,.240,.289,.346,.635
Michael Saunders,SEA,OF,33,132,406,59,96,23,3,12,46,13,5,54,118,1,6,1,.236,.323,.397,.720
DJ LeMahieu,COL,2B,31,109,404,39,113,21,3,2,28,18,7,19,67,7,3,1,.280,.311,.361,.672
Garrett Jones,PIT,1B,38,144,403,41,94,26,2,15,51,2,0,31,101,0,4,2,.233,.289,.419,.708
Pedro Florimon,MIN,SS,33,134,403,44,89,17,0,9,44,15,6,33,115,5,3,2,.221,.281,.330,.611
Brett Lawrie,TOR,2B,30,107,401,41,102,18,3,11,46,9,5,30,68,1,3,7,.254,.315,.397,.712
Lorenzo Cain,KC,OF,33,115,399,54,100,21,3,4,46,14,6,33,90,0,6,4,.251,.310,.348,.658
Todd Helton,COL,1B,46,124,397,41,99,22,1,15,61,0,0,40,87,0,5,0,.249,.314,.423,.737
Juan Lagares,NYM,OF,30,121,392,35,95,21,5,4,34,6,3,20,96,5,2,2,.242,.281,.352,.633
Carlos Gonzalez,COL,OF,34,110,391,72,118,23,6,26,70,21,3,41,118,0,3,1,.302,.367,.591,.958
Albert Pujols,LAA,1B,40,99,391,49,101,19,0,17,64,1,1,40,55,0,7,5,.258,.330,.437,.767
B.J. Upton,ATL,OF,35,126,391,30,72,14,0,9,26,12,5,44,151,1,6,3,.184,.268,.289,.557
Yuniesky Betancourt,MIL,2B,38,137,391,35,83,15,1,13,46,0,0,14,71,0,3,1,.212,.240,.355,.595
A.J. Ellis,LAD,C,38,115,390,43,93,17,1,10,52,0,2,45,78,4,6,3,.238,.318,.364,.682
Josh Willingham,MIN,OF,40,111,389,42,81,20,0,14,48,1,0,66,128,0,2,14,.208,.342,.368,.710
Juan Uribe,LAD,3B,40,132,388,47,108,22,2,12,50,5,0,30,81,3,3,2,.278,.331,.438,.769
Josh Reddick,OAK,OF,32,114,385,54,87,19,2,12,56,9,2,46,86,1,7,2,.226,.307,.379,.686
Dustin Ackley,SEA,1B,31,113,384,40,97,18,2,4,31,2,3,37,72,4,1,1,.253,.319,.341,.660
Jason Heyward,ATL,OF,30,104,382,67,97,22,1,14,38,2,4,48,73,1,0,8,.254,.349,.427,.776
Jose Reyes,TOR,SS,36,93,382,58,113,20,0,10,37,15,6,34,47,0,2,1,.296,.353,.427,.780
Yasiel Puig,LAD,OF,29,104,382,66,122,21,2,19,42,11,8,36,97,0,3,11,.319,.391,.534,.925
Everth Cabrera,SD,SS,33,95,381,54,108,15,5,4,31,37,12,41,69,10,1,2,.283,.355,.381,.736
Welington Castillo,CHC,C,32,113,380,41,104,23,0,8,32,2,0,34,97,1,2,11,.274,.349,.397,.746
Placido Polanco,MIA,3B,44,118,377,33,98,13,0,1,23,2,0,23,31,3,4,9,.260,.315,.302,.617
Eric Young Jr.,NYM,OF,34,91,374,48,94,18,4,1,26,38,7,35,67,6,1,2,.251,.318,.329,.647
Nick Hundley,SD,C,36,114,373,35,87,19,0,13,44,1,0,26,98,1,3,5,.233,.290,.389,.679
Gordon Beckham,CWS,2B,33,103,371,46,99,22,1,5,24,5,1,28,56,1,4,4,.267,.322,.372,.694
Nick Franklin,SEA,2B,28,102,369,38,83,20,1,12,45,6,1,42,113,0,1,0,.225,.303,.382,.685
Eric Sogard,OAK,2B,33,130,368,45,98,24,3,2,35,10,5,27,51,6,4,5,.266,.322,.364,.686
John Buck,NYM,C,39,101,368,38,79,11,0,15,60,2,1,29,99,0,2,8,.215,.285,.367,.652
Seth Smith,OAK,OF,37,117,368,49,93,27,0,8,40,0,0,39,94,0,0,3,.253,.329,.391,.720
Alexi Amarista,SD,2B,30,146,368,35,87,14,4,5,32,4,2,22,57,3,1,2,.236,.282,.337,.619
Kelly Johnson,TB,2B,37,118,366,41,86,12,2,16,52,7,4,35,99,0,3,3,.235,.305,.410,.715
Maicer Izturis,TOR,2B,39,107,365,33,86,12,0,5,32,1,5,27,38,3,3,1,.236,.288,.310,.598
Alfonso Soriano,CHC,OF,44,93,362,47,92,24,1,17,51,10,5,15,89,0,3,3,.254,.287,.467,.754
Mike Aviles,CLE,SS,38,124,361,54,91,15,0,9,46,8,5,15,41,7,8,3,.252,.282,.368,.650
Donovan Solano,MIA,2B,32,102,361,33,90,13,1,3,34,3,1,23,57,2,2,7,.249,.305,.316,.621
Didi Gregorius,ARI,SS,29,103,357,47,90,16,3,7,28,0,2,37,65,2,1,6,.252,.332,.373,.705
Brian McCann,ATL,C,35,102,356,43,91,13,0,20,57,0,1,39,66,0,2,5,.256,.336,.461,.797
Evan Gattis,ATL,DH,33,105,354,44,86,21,0,21,65,0,0,21,81,0,3,4,.243,.291,.480,.771
John Mayberry,PHI,OF,36,134,353,47,80,23,1,11,39,5,3,27,90,0,1,3,.227,.286,.391,.677
Anthony Rendon,WAS,3B,29,98,351,40,93,23,1,7,35,1,1,31,69,2,5,5,.265,.329,.396,.725
Ed Lucas,MIA,3B,37,94,351,43,90,14,1,4,28,1,1,26,78,4,1,2,.256,.311,.336,.647
Oswaldo Arcia,MIN,OF,28,97,351,34,88,17,2,14,43,1,2,23,117,0,0,4,.251,.304,.430,.734
Rickie Weeks,MIL,DH,37,104,350,40,73,20,1,10,24,7,3,40,105,0,0,9,.209,.306,.357,.663
Will Middlebrooks,BOS,3B,31,94,348,41,79,18,0,17,49,3,1,20,98,1,3,2,.227,.271,.425,.696
Melky Cabrera,TOR,OF,35,88,344,39,96,15,2,3,30,2,2,23,47,2,3,0,.279,.322,.360,.682
Chris Young,OAK,OF,36,107,335,46,67,18,3,12,40,10,3,36,93,0,2,2,.200,.280,.379,.659
Mark Reynolds,CLE,1B,36,99,335,40,72,8,0,15,48,3,0,43,123,0,3,3,.215,.307,.373,.680
Wil Myers,TB,OF,29,88,335,50,98,23,0,13,53,5,2,33,91,0,4,1,.293,.354,.478,.832
Yonder Alonso,SD,1B,32,97,334,34,94,11,0,6,45,6,0,32,47,0,7,2,.281,.341,.368,.709
Jordy Mercer,PIT,SS,33,103,333,33,95,22,2,8,27,3,2,22,62,5,1,4,.285,.336,.435,.771
Luis Valbuena,CHC,3B,34,108,331,34,72,15,1,12,37,1,4,53,63,1,2,4,.218,.331,.378,.709
Rajai Davis,TOR,OF,39,108,331,49,86,16,2,6,24,45,6,21,67,1,2,5,.260,.312,.375,.687
Alex Avila,DET,C,33,102,330,39,75,14,1,11,47,0,0,44,112,1,3,1,.227,.317,.376,.693
Daniel Descalso,STL,2B,33,123,328,43,78,25,1,5,43,6,3,22,56,3,2,3,.238,.290,.366,.656
Aaron Hill,ARI,2B,37,87,327,45,95,21,1,11,41,1,4,29,48,0,1,5,.291,.356,.462,.818
Chris Iannetta,LAA,C,36,115,325,40,73,15,0,11,39,0,1,68,100,0,4,2,.225,.358,.372,.730
Devin Mesoraco,CIN,C,31,103,323,31,77,13,0,9,42,0,2,24,61,0,5,0,.238,.287,.362,.649
Skip Schumaker,LAD,OF,40,125,319,31,84,16,0,2,30,2,2,28,54,3,0,5,.263,.332,.332,.664
Lucas Duda,NYM,1B,34,100,318,42,71,16,0,15,33,0,3,55,102,0,2,9,.223,.352,.415,.767
Ike Davis,NYM,1B,32,103,317,37,65,14,0,9,33,4,0,57,101,0,2,1,.205,.326,.334,.660
Cody Ross,ARI,OF,39,94,317,33,88,17,1,8,38,3,2,25,50,1,5,3,.278,.331,.413,.744
Omar Quintanilla,NYM,SS,38,95,315,28,70,9,2,2,21,2,0,38,70,3,2,1,.222,.306,.283,.589
David Lough,KC,OF,34,96,315,35,90,17,4,5,33,5,2,10,52,4,3,3,.286,.311,.413,.724
Ben Revere,PHI,OF,31,88,315,37,96,9,3,0,17,22,8,16,36,5,0,0,.305,.338,.352,.690
Jonny Gomes,BOS,OF,39,116,312,49,77,17,0,13,52,1,0,43,89,0,5,6,.247,.344,.426,.770
Carlos Ruiz,PHI,C,41,92,310,30,83,16,0,5,37,1,0,18,39,4,2,7,.268,.320,.368,.688
Juan Pierre,MIA,OF,42,113,308,36,76,11,2,1,8,23,6,13,27,6,0,3,.247,.284,.305,.589
Jose Tabata,PIT,OF,31,106,308,35,87,17,5,6,33,3,1,23,45,5,0,5,.282,.342,.429,.771
Brad Miller,SEA,3B,30,76,306,41,81,11,6,8,36,5,3,24,52,2,2,1,.265,.318,.418,.736
Eduardo Nunez,NYY,2B,32,90,304,38,79,17,4,3,28,10,3,20,51,4,5,3,.260,.307,.372,.679
Aramis Ramirez,MIL,3B,41,92,304,43,86,18,0,12,49,0,1,36,55,0,3,8,.283,.370,.461,.831
Hanley Ramirez,LAD,DH,36,86,304,62,105,25,2,20,57,10,2,27,52,0,2,3,.345,.402,.638,1.040
Clint Barmes,PIT,SS,40,108,304,22,64,15,0,5,23,0,0,14,70,9,1,2,.211,.249,.309,.558
Logan Schafer,MIL,OF,33,134,298,29,63,15,3,4,33,7,1,25,60,11,0,3,.211,.279,.322,.601
Matt Adams,STL,1B,31,108,296,46,84,14,0,17,51,0,1,23,80,0,0,0,.284,.335,.503,.838
J.D. Martinez,HOU,OF,32,86,296,24,74,17,0,7,36,2,0,10,82,0,3,0,.250,.272,.378,.650
Chris Parmelee,MIN,1B,31,101,294,21,67,13,0,8,24,1,1,33,81,0,3,3,.228,.309,.354,.663
Chris Stewart,NYY,C,37,109,294,28,62,6,0,4,25,4,0,30,49,6,4,6,.211,.293,.272,.565
Alberto Callaspo,LAA,3B,36,86,294,32,74,13,0,5,36,0,2,34,22,3,5,0,.252,.324,.347,.671
Nick Punto,LAD,2B,42,116,294,34,75,15,0,2,21,3,3,33,67,6,2,0,.255,.328,.327,.655
Logan Morrison,MIA,1B,32,85,293,32,71,13,4,6,36,0,0,38,56,0,0,2,.242,.333,.375,.708
Yan Gomes,CLE,C,32,88,293,45,86,18,2,11,38,2,0,18,67,0,4,7,.294,.345,.481,.826
Steve Lombardozzi,WAS,2B,31,118,290,25,75,15,1,2,22,4,3,8,34,5,3,1,.259,.278,.338,.616
Clete Thomas,MIN,OF,36,92,290,39,62,15,0,4,13,1,3,30,92,1,0,1,.214,.290,.307,.597
Lonnie Chisenhall,CLE,OF,31,94,289,30,65,17,0,11,36,1,0,16,56,1,0,2,.225,.270,.398,.668
Jesus Guzman,SD,OF,35,126,288,33,65,17,0,9,35,3,0,27,79,1,0,2,.226,.297,.378,.675
Wilson Ramos,WAS,C,32,78,287,29,78,9,0,16,59,0,1,15,42,0,1,0,.272,.307,.470,.777
Ryan Howard,PHI,1B,40,80,286,34,76,20,2,11,43,0,0,23,95,0,6,2,.266,.319,.465,.784
Jurickson Profar,TEX,2B,26,85,286,30,67,11,0,6,26,2,4,26,63,6,1,5,.234,.308,.336,.644
Josh Rutledge,COL,3B,30,88,285,45,67,6,1,7,19,12,0,22,62,4,1,2,.235,.294,.337,.631
David DeJesus,CHC,OF,40,84,284,39,71,19,3,6,27,3,0,29,55,0,0,5,.250,.330,.401,.731
Mike Morse,SEA,1B,37,76,283,31,64,13,0,13,27,0,0,20,80,0,1,3,.226,.283,.410,.693
Jose Molina,TB,C,44,99,283,26,66,14,0,2,18,2,1,22,63,3,3,2,.233,.290,.304,.594
Aaron Hicks,MIN,OF,30,81,281,37,54,11,3,8,27,9,3,24,84,4,2,2,.192,.259,.338,.597
Kyle Blanks,SD,1B,33,88,280,31,68,14,0,8,35,1,1,21,85,0,2,5,.243,.305,.379,.684
Angel Pagan,SF,OF,38,71,280,44,79,16,3,5,30,9,4,23,36,0,2,0,.282,.334,.414,.748
Carlos Pena,HOU,1B,41,85,277,38,58,13,1,8,25,1,3,43,89,1,0,4,.209,.324,.350,.674
Jose Lobaton,TB,C,35,100,277,38,69,15,2,7,32,0,1,30,65,2,2,0,.249,.320,.394,.714
Carlos Quentin,SD,OF,37,82,276,42,76,21,0,13,44,0,0,31,55,0,4,9,.275,.363,.493,.856
Marcell Ozuna,MIA,OF,29,70,275,31,73,17,4,3,32,5,1,13,57,1,0,2,.265,.303,.389,.692
Delmon Young,PHI,OF,34,80,272,22,71,13,0,8,31,0,0,14,69,0,2,3,.261,.302,.397,.699
Andres Torres,SF,OF,42,103,272,33,68,17,1,2,21,4,3,22,61,2,4,0,.250,.302,.342,.644
Cliff Pennington,ARI,2B,35,96,269,25,65,13,1,1,18,2,0,26,54,2,1,1,.242,.310,.309,.619
Jayson Nix,NYY,3B,37,87,267,32,63,9,1,3,24,13,1,24,80,4,3,5,.236,.308,.311,.619
Endy Chavez,SEA,OF,42,97,266,22,71,10,0,2,14,1,3,9,31,3,1,0,.267,.290,.327,.617
Brian Roberts,BAL,2B,42,77,265,33,66,12,1,8,39,3,1,26,44,1,4,0,.249,.312,.392,.704
Gaby Sanchez,PIT,1B,36,136,264,29,67,18,0,7,36,1,0,44,51,0,7,4,.254,.361,.402,.763
Derek Norris,OAK,C,30,98,264,41,65,16,0,9,30,5,0,37,71,1,2,4,.246,.345,.409,.754
Matt Kemp,LAD,OF,35,73,263,35,71,15,0,6,33,9,0,22,76,0,3,2,.270,.328,.395,.723
Emilio Bonifacio,TOR,OF,34,94,262,33,57,16,1,3,20,12,6,13,66,3,2,2,.218,.258,.321,.579
Brett Wallace,HOU,3B,33,79,262,35,58,14,1,13,36,1,1,18,104,0,0,5,.221,.284,.431,.715
Travis Hafner,NYY,DH,42,82,262,31,53,8,1,12,37,2,0,32,79,0,0,5,.202,.301,.378,.679
Travis Snider,PIT,OF,32,111,261,28,56,12,2,5,25,2,3,24,75,0,0,0,.215,.281,.333,.614
Brendan Ryan,SEA,2B,37,87,260,23,50,10,0,3,21,4,2,21,60,4,1,1,.192,.254,.265,.519
Robbie Grossman,HOU,OF,30,63,257,29,69,14,0,4,21,6,7,23,70,5,1,2,.268,.332,.370,.702
Tyler Flowers,CWS,C,34,84,256,24,50,11,0,10,24,0,1,14,94,0,1,4,.195,.247,.355,.602
Lance Berkman,TEX,1B,44,73,256,27,62,10,1,6,34,0,0,38,52,0,0,0,.242,.340,.359,.699
Luke Scott,TB,DH,41,91,253,27,61,13,2,9,40,1,1,30,63,0,4,4,.241,.326,.415,.741
Kurt Suzuki,WAS,C,36,79,252,19,56,11,1,3,25,2,0,20,32,2,4,3,.222,.283,.310,.593
Kevin Frandsen,PHI,1B,37,119,252,27,59,10,1,5,26,1,0,12,29,1,2,11,.234,.296,.341,.637
Darin Ruf,PHI,1B,33,73,251,36,62,11,0,14,30,0,0,33,91,0,2,7,.247,.348,.458,.806
Adam Eaton,ARI,OF,31,66,250,40,63,10,4,3,22,5,2,17,44,3,1,6,.252,.314,.360,.674
Jordan Pacheco,COL,C,34,95,247,23,59,15,0,1,22,0,0,10,38,1,1,3,.239,.276,.312,.588
Ryan Flaherty,BAL,3B,33,85,246,28,55,11,0,10,27,2,0,19,62,1,0,5,.224,.293,.390,.683
Charlie Blackmon,COL,OF,33,82,246,35,76,17,2,6,22,7,0,7,49,2,0,3,.309,.336,.467,.803
Craig Gentry,TEX,OF,36,106,246,39,69,12,4,2,22,24,3,29,46,3,1,8,.280,.373,.386,.759
Ryan Raburn,CLE,OF,38,87,243,40,66,18,0,16,55,0,0,29,67,0,1,4,.272,.357,.543,.900
Jason Kubel,ARI,OF,37,89,241,21,53,8,1,5,32,0,1,24,82,0,2,0,.220,.288,.324,.612
Dioner Navarro,CHC,C,36,89,240,31,72,7,0,13,34,0,1,23,36,0,1,2,.300,.365,.492,.857
Munenori Kawasaki,TOR,2B,38,96,240,27,55,6,5,1,24,7,1,32,41,10,3,4,.229,.326,.308,.634
Juan Francisco,MIL,3B,32,89,240,26,53,10,1,13,32,0,1,25,95,0,2,3,.221,.300,.433,.733
Christian Yelich,MIA,OF,28,62,240,34,69,12,1,4,16,10,0,31,66,0,1,1,.288,.370,.396,.766
Greg Dobbs,MIA,1B,41,114,237,21,54,11,0,2,22,1,1,22,40,0,3,5,.228,.303,.300,.603
Jeff Bianchi,MIL,3B,33,100,236,22,56,8,1,1,25,4,4,11,46,2,2,1,.237,.272,.292,.564
Junior Lake,CHC,OF,29,64,236,26,67,16,0,6,16,4,4,13,68,1,0,4,.284,.332,.428,.760
Hank Conger,LAA,C,32,92,233,23,58,13,1,7,21,0,1,17,61,0,1,4,.249,.310,.403,.713
Jeff Mathis,MIA,C,36,73,232,14,42,7,1,5,29,0,0,21,76,1,1,1,.181,.251,.284,.535
Brayan Pena,DET,C,38,71,229,19,68,11,0,4,22,0,2,6,26,2,4,2,.297,.315,.397,.712
Eric Chavez,ARI,3B,42,80,228,28,64,14,2,9,44,1,0,19,45,0,5,1,.281,.332,.478,.810
Joaquin Arias,SF,SS,35,102,225,17,61,9,2,1,19,1,0,4,33,4,2,1,.271,.284,.342,.626
Ryan Braun,MIL,OF,36,61,225,30,67,14,2,9,38,4,5,27,56,0,1,0,.298,.372,.498,.870
Chris Heisey,CIN,OF,35,87,224,29,53,11,1,9,23,3,0,9,51,4,2,5,.237,.279,.415,.694
Rob Brantly,MIA,C,30,67,223,11,47,9,0,1,18,0,0,15,53,0,3,2,.211,.263,.265,.528
Ryan Hanigan,CIN,C,39,75,222,17,44,8,0,2,21,0,1,29,27,2,1,6,.198,.306,.261,.567
Logan Forsythe,SD,3B,33,75,220,22,47,6,1,6,19,6,1,19,54,1,1,2,.214,.281,.332,.613
Alfonso Soriano,NYY,OF,44,58,219,37,56,8,0,17,50,8,4,21,67,0,1,2,.256,.325,.525,.850
Mike Carp,BOS,1B,33,86,216,34,64,18,2,9,43,1,0,22,67,0,3,2,.296,.362,.523,.885
Don Kelly,DET,1B,39,112,216,33,48,6,1,6,23,2,0,27,28,2,4,2,.222,.309,.343,.652
Jose Iglesias,BOS,SS,30,63,215,27,71,10,2,1,19,3,1,11,30,0,2,6,.330,.376,.409,.785
Derek Dietrich,MIA,2B,30,57,215,32,46,10,2,9,23,1,0,11,56,0,0,7,.214,.275,.405,.680
Curtis Granderson,NYY,OF,38,61,214,31,49,13,2,7,15,8,2,27,69,2,1,1,.229,.317,.407,.724
Jarrod Dyson,KC,OF,35,87,213,30,55,9,4,2,17,34,6,21,45,3,1,1,.258,.326,.366,.692
Scooter Gennett,MIL,2B,29,69,213,29,69,11,2,6,21,2,1,10,42,5,1,1,.324,.356,.479,.835
Jonathan Villar,HOU,2B,28,58,210,26,51,9,2,1,8,18,8,24,71,7,0,0,.243,.321,.319,.640
Chris Getz,KC,2B,36,78,209,29,46,6,1,1,18,16,3,20,24,8,0,0,.220,.288,.273,.561
Ruben Tejada,NYM,SS,30,57,208,20,42,12,0,0,10,2,1,15,24,3,0,1,.202,.259,.260,.519
John Jaso,OAK,1B,36,70,207,31,56,12,0,3,21,2,1,38,45,1,1,2,.271,.387,.372,.759
Jason Bay,SEA,OF,41,68,206,30,42,6,0,11,20,3,1,26,62,1,1,2,.204,.298,.393,.691
Ramon Santiago,DET,SS,40,80,205,27,46,8,1,1,14,0,1,21,32,6,1,1,.224,.298,.288,.586
Freddy Galvis,PHI,2B,30,70,205,13,48,5,4,6,19,1,0,13,45,3,0,1,.234,.283,.385,.668
Josh Phegley,CWS,C,32,65,204,14,42,7,0,4,22,2,0,5,41,2,2,0,.206,.223,.299,.522
Mark DeRosa,TOR,OF,45,88,204,23,48,12,1,7,36,0,0,28,49,0,3,1,.235,.326,.407,.733
Jerry Hairston Jr.,LAD,3B,43,96,204,17,43,7,0,2,22,0,0,14,22,3,3,2,.211,.265,.275,.540
Marwin Gonzalez,HOU,3B,30,72,204,22,45,8,0,4,14,6,2,9,37,8,1,0,.221,.252,.319,.571
Justin Turner,NYM,3B,35,86,200,12,56,13,1,2,16,0,1,11,34,1,1,1,.280,.319,.385,.704
Erik Kratz,PHI,C,39,68,197,21,42,7,0,9,26,0,0,18,45,0,2,1,.213,.280,.386,.666
Chris Coghlan,MIA,3B,34,70,195,10,50,10,3,1,10,2,0,17,43,0,1,1,.256,.318,.354,.672
Jonathan Herrera,COL,2B,35,81,195,16,57,7,2,1,16,3,2,14,24,4,2,0,.292,.336,.364,.700
Wil Nieves,ARI,C,42,71,195,16,58,11,0,1,22,0,0,8,32,0,3,0,.297,.320,.369,.689
Sean Rodriguez,TB,3B,34,96,195,21,48,10,1,5,23,1,3,17,59,3,2,5,.246,.320,.385,.705
Kole Calhoun,LAA,OF,32,58,195,29,55,7,2,8,32,2,2,21,41,0,5,1,.282,.347,.462,.809
Corey Dickerson,COL,OF,30,69,194,32,51,13,5,5,17,2,2,16,41,1,2,0,.263,.316,.459,.775
Ryan Sweeney,CHC,OF,34,70,192,19,51,13,2,6,19,1,0,17,31,2,1,0,.266,.324,.448,.772
Derrick Robinson,CIN,OF,32,102,192,21,49,7,3,0,8,4,5,18,44,5,0,1,.255,.322,.323,.645
Carlos Corporan,HOU,C,36,64,191,16,43,5,0,7,20,0,0,10,60,1,1,7,.225,.287,.361,.648
Jamey Carroll,MIN,SS,45,59,191,21,44,6,0,0,9,2,0,13,35,1,0,1,.230,.283,.262,.545
Josh Satin,NYM,1B,35,75,190,23,53,15,0,3,17,1,1,30,56,0,1,0,.279,.376,.405,.781
Nate Freiman,OAK,1B,33,80,190,10,52,8,1,4,24,0,0,14,31,0,2,2,.274,.327,.389,.716
Alex Rios,TEX,OF,38,47,186,26,52,11,2,6,26,16,1,9,30,0,1,1,.280,.315,.457,.772
Jason Giambi,CLE,DH,49,71,186,21,34,8,0,9,31,0,1,23,56,0,3,4,.183,.282,.371,.653
Jeff Francoeur,KC,OF,36,59,183,19,38,8,2,3,13,2,0,8,49,0,0,2,.208,.249,.322,.571
Martin Maldonado,MIL,C,33,67,183,13,31,7,1,4,22,0,0,13,53,3,0,3,.169,.236,.284,.520
Yorvit Torrealba,COL,C,41,61,179,10,43,8,0,0,16,0,0,13,24,3,0,1,.240,.295,.285,.580
Sam Fuld,TB,OF,38,119,176,25,35,0,3,2,17,8,2,17,28,4,2,1,.199,.270,.267,.537
Peter Bourjos,LAA,OF,32,55,175,26,48,3,3,3,12,6,0,10,43,4,1,6,.274,.333,.377,.710
Mike Zunino,SEA,C,28,52,173,22,37,5,0,5,14,1,0,16,49,0,1,3,.214,.290,.329,.619
Tyler Moore,WAS,1B,33,63,167,16,37,9,0,4,21,0,0,8,58,1,1,1,.222,.260,.347,.607
L.J. Hoes,HOU,OF,29,46,167,24,48,7,2,1,10,7,1,12,34,0,1,1,.287,.337,.371,.708
Eric Young Jr.,COL,OF,34,57,165,22,40,9,3,1,6,8,4,11,33,4,0,0,.242,.290,.352,.642
Trevor Crowe,HOU,OF,36,60,165,18,36,7,1,1,13,6,1,16,39,0,0,0,.218,.287,.291,.578
Eduardo Escobar,MIN,2B,31,66,165,23,39,5,2,3,10,0,2,11,34,2,1,0,.236,.282,.345,.627
Matt Tuiasosopo,DET,OF,33,81,164,26,40,7,0,7,30,0,0,25,57,0,0,2,.244,.351,.415,.766
Geovany Soto,TEX,C,37,54,163,20,40,9,0,9,22,1,2,20,60,1,0,0,.245,.328,.466,.794
Elliot Johnson,KC,SS,35,79,162,19,29,2,1,2,9,14,0,8,49,3,0,0,.179,.218,.241,.459
Ryan Roberts,TB,3B,39,60,162,15,40,6,0,5,17,0,2,11,39,0,0,0,.247,.295,.377,.672
Cody Asche,PHI,3B,29,50,162,18,38,8,1,5,22,1,0,15,43,0,1,1,.235,.302,.389,.691
Danny Valencia,BAL,3B,35,52,161,20,49,14,1,8,23,0,2,8,33,0,1,0,.304,.335,.553,.888
Avisail Garcia,CWS,OF,28,42,161,19,49,4,2,5,21,3,2,5,38,0,1,1,.304,.327,.447,.774
Tim Federowicz,LAD,C,32,56,160,12,37,8,0,4,16,0,0,10,56,2,1,0,.231,.275,.356,.631
Jordan Danks,CWS,OF,33,79,160,15,37,7,0,5,12,7,2,18,57,0,0,1,.231,.313,.369,.682
Chris Colabello,MIN,1B,36,55,160,14,31,3,0,7,17,0,1,20,58,0,0,1,.194,.287,.344,.631
Alberto Callaspo,OAK,3B,36,50,159,20,43,7,0,5,22,0,0,19,25,0,1,1,.270,.350,.409,.759
Cody Ransom,CHC,SS,43,57,158,21,32,10,1,9,20,0,0,22,57,1,0,1,.203,.304,.449,.753
Danny Espinosa,WAS,2B,32,44,158,11,25,9,0,3,12,1,0,4,47,1,1,3,.158,.193,.272,.465
Emilio Bonifacio,KC,OF,34,42,158,21,45,6,2,0,11,16,2,17,37,3,1,0,.285,.352,.348,.700
Chris Herrmann,MIN,C,32,57,157,16,32,7,0,4,18,0,1,18,49,3,0,0,.204,.286,.325,.611
Alex Rodriguez,NYY,DH,44,44,156,21,38,7,0,7,19,4,2,23,43,0,0,2,.244,.348,.423,.771
Miguel Tejada,KC,SS,45,53,156,15,45,5,0,3,20,1,0,6,25,3,1,1,.288,.317,.378,.695
Mark Kotsay,SD,OF,44,104,155,8,30,2,0,1,12,0,2,13,25,1,2,0,.194,.253,.226,.479
Jeff Baker,TEX,2B,37,74,154,21,43,8,0,11,21,1,0,18,48,0,1,2,.279,.360,.545,.905
Roger Bernadina,WAS,OF,35,85,152,18,27,6,1,2,6,3,0,12,44,1,0,2,.178,.247,.270,.517
Andrew Brown,NYM,OF,35,68,150,16,34,5,0,7,24,1,0,13,44,2,0,0,.227,.288,.400,.688
Donnie Murphy,CHC,3B,36,46,149,23,38,8,0,11,23,2,0,8,48,0,0,6,.255,.319,.530,.849
Franklin Gutierrez,SEA,OF,36,41,145,18,36,7,0,10,24,3,1,5,43,1,0,0,.248,.273,.503,.776
Shane Robinson,STL,OF,35,99,144,22,36,2,1,2,16,5,1,23,17,0,4,0,.250,.345,.319,.664
Brian Bogusevic,CHC,OF,35,47,143,18,39,7,1,6,16,2,0,10,35,0,1,1,.273,.323,.462,.785
Ronny Cedeno,HOU,SS,37,51,141,12,31,6,1,1,12,2,1,6,42,5,1,2,.220,.260,.298,.558
David Adams,NYY,2B,32,43,140,10,27,5,1,2,13,0,0,9,43,1,0,2,.193,.252,.286,.538
Jack Hannahan,CIN,1B,39,83,139,12,30,5,1,1,14,0,0,19,38,0,1,2,.216,.317,.288,.605
Willie Bloomquist,ARI,2B,42,48,139,16,44,5,1,0,14,0,2,8,11,0,1,2,.317,.360,.367,.727
Tony Abreu,SF,2B,35,53,138,21,37,12,3,2,14,0,2,6,33,1,1,1,.268,.301,.442,.743
Justin Maxwell,HOU,OF,36,40,137,21,33,10,2,2,8,4,1,12,43,0,0,2,.241,.311,.387,.698
Adam Rosales,OAK,2B,36,51,136,11,26,5,0,4,8,0,0,10,31,4,0,4,.191,.267,.316,.583
Khris Davis,MIL,DH,32,56,136,27,38,10,0,11,27,3,0,11,34,0,1,5,.279,.353,.596,.949
Austin Romine,NYY,C,31,60,135,15,28,9,0,1,10,1,0,8,37,3,1,1,.207,.255,.296,.551
Stephen Vogt,OAK,C,35,47,135,18,34,6,1,4,16,0,1,9,28,2,2,0,.252,.295,.400,.695
Anthony Recker,NYM,C,36,50,135,17,29,7,0,6,19,0,1,13,49,1,2,0,.215,.280,.400,.680
Jose Iglesias,DET,SS,30,46,135,12,35,6,0,2,10,2,1,4,30,4,0,5,.259,.306,.348,.654
Marc Krauss,HOU,1B,32,52,134,11,28,9,0,4,13,2,0,10,45,0,1,1,.209,.267,.366,.633
Jordany Valdespin,NYM,OF,32,66,133,16,25,3,1,4,16,4,3,8,28,0,0,3,.188,.250,.316,.566
Caleb Gindl,MIL,OF,31,57,132,17,32,7,2,5,14,2,1,20,25,2,1,0,.242,.340,.439,.779
Mike Baxter,NYM,OF,35,74,132,14,25,6,1,0,4,5,2,17,28,0,1,5,.189,.303,.250,.553
Scott Van Slyke,LAD,OF,33,53,129,13,31,8,0,7,19,1,1,20,37,0,2,1,.240,.342,.465,.807
Hector Sanchez,SF,C,30,63,129,8,32,4,0,3,19,0,0,7,29,0,1,3,.248,.300,.349,.649
Cesar Izturis,CIN,SS,40,63,129,6,27,8,0,0,11,0,0,9,13,3,1,0,.209,.259,.271,.530
Chad Tracy,WAS,1B,39,92,129,6,26,4,0,4,11,0,2,7,25,0,0,0,.202,.243,.326,.569
Ryan Ludwick,CIN,OF,41,38,129,7,31,5,0,2,12,0,0,10,29,0,1,0,.240,.293,.326,.619
Laynce Nix,PHI,OF,39,81,128,11,23,4,0,2,7,1,0,8,44,0,0,0,.180,.228,.258,.486
Nolan Reimold,BAL,OF,36,40,128,17,25,3,0,5,12,0,1,10,41,0,2,0,.195,.250,.336,.586
Jimmy Paredes,HOU,OF,31,48,125,8,24,4,0,1,10,4,4,6,44,1,2,1,.192,.231,.248,.479
Grant Green,LAA,2B,32,40,125,16,35,8,1,1,16,0,0,10,38,0,1,1,.280,.336,.384,.720
Ronny Cedeno,SD,SS,37,38,123,12,33,2,2,2,9,3,3,8,31,1,0,1,.268,.318,.366,.684
Reed Johnson,ATL,OF,43,74,123,13,30,7,1,1,11,0,0,6,32,1,0,6,.244,.311,.341,.652
Tony Cruz,STL,C,33,51,123,13,25,6,1,1,13,0,0,4,25,0,0,2,.203,.240,.293,.533
Cesar Hernandez,PHI,2B,29,34,121,17,35,5,0,0,10,0,3,9,26,0,0,1,.289,.344,.331,.675
Gerald Laird,ATL,C,40,47,121,12,34,8,0,1,13,1,1,14,23,2,1,3,.281,.367,.372,.739
Josh Thole,TOR,C,33,45,120,11,21,3,1,1,8,0,0,12,25,2,0,1,.175,.256,.242,.498
Jake Elmore,HOU,OF,32,52,120,16,29,4,0,2,6,1,6,13,20,2,1,0,.242,.313,.325,.638
Ryan Goins,TOR,3B,31,34,119,11,30,5,0,2,8,0,0,2,28,0,0,0,.252,.264,.345,.609
Steve Pearce,BAL,1B,36,44,119,14,31,7,0,4,13,1,0,15,25,0,0,4,.261,.362,.420,.782
Luis Cruz,LAD,3B,36,45,118,12,15,2,0,1,6,0,0,5,20,2,1,2,.127,.175,.169,.344
Mike McKenry,PIT,C,34,41,115,9,25,6,0,3,14,0,0,5,24,0,0,2,.217,.262,.348,.610
Alex Presley,MIN,OF,34,28,113,9,32,4,1,1,11,1,3,8,21,0,0,1,.283,.336,.363,.699
Alex Gonzalez,MIL,SS,42,41,113,14,20,3,0,1,8,0,0,3,26,0,1,1,.177,.203,.230,.433
Alexi Casilla,BAL,2B,35,62,112,15,24,4,1,1,10,9,2,9,20,2,2,0,.214,.268,.295,.563
Mark Reynolds,NYY,1B,36,36,110,15,26,6,0,6,19,0,1,8,31,0,0,2,.236,.300,.455,.755
Jake Marisnick,MIA,OF,28,40,109,6,20,2,1,1,5,3,1,6,27,1,1,1,.183,.231,.248,.479
Chris Nelson,LAA,3B,34,33,109,10,24,1,2,3,18,2,1,8,36,0,1,1,.220,.277,.349,.626
Andrew Romine,LAA,SS,34,47,108,9,28,3,0,0,10,1,0,7,24,6,1,1,.259,.308,.287,.595
Juan Francisco,ATL,3B,32,35,108,10,26,2,0,5,16,0,1,7,43,0,0,0,.241,.287,.398,.685
Moises Sierra,TOR,OF,31,35,107,11,31,13,1,1,13,1,0,14,29,0,1,0,.290,.369,.458,.827
Marlon Byrd,PIT,OF,42,30,107,14,34,9,0,3,17,0,0,6,20,0,1,1,.318,.357,.486,.843
Kelly Shoppach,SEA,C,39,35,107,11,21,7,0,3,9,0,0,12,45,2,1,3,.196,.293,.346,.639
Brendan Harris,LAA,SS,39,44,107,14,22,4,0,4,9,0,1,6,29,2,1,1,.206,.252,.355,.607
Zoilo Almonte,NYY,OF,30,34,106,9,25,4,0,1,9,3,1,6,19,0,1,0,.236,.274,.302,.576
Kevin Youkilis,NYY,3B,40,28,105,12,23,7,0,2,8,0,0,8,31,0,0,5,.219,.305,.343,.648
Brandon Inge,PIT,3B,42,50,105,5,19,3,0,1,7,0,0,2,32,2,0,1,.181,.204,.238,.442
Nick Noonan,SF,SS,30,62,105,12,23,2,0,0,5,0,0,6,24,0,0,0,.219,.261,.238,.499
Chris Dickerson,BAL,OF,37,56,105,17,25,5,0,4,13,5,1,4,36,0,0,0,.238,.266,.400,.666
Julio Borbon,CHC,OF,33,72,104,10,21,3,1,1,3,7,1,12,22,1,0,0,.202,.284,.279,.563
David DeJesus,TB,OF,40,35,104,13,27,10,0,2,11,2,3,10,23,1,1,1,.260,.328,.413,.741
Daric Barton,OAK,1B,34,37,104,15,28,2,0,3,16,0,0,13,18,0,2,1,.269,.350,.375,.725
Luis Jimenez,LAA,3B,32,34,104,15,27,6,0,0,5,0,2,2,28,0,1,3,.260,.291,.317,.608
Kevin Pillar,TOR,OF,31,36,102,11,21,4,0,3,13,0,1,4,29,2,0,2,.206,.250,.333,.583
David Ross,BOS,C,42,36,102,11,22,5,0,4,10,1,0,11,42,2,0,1,.216,.298,.382,.680
Jesus Montero,SEA,1B,30,29,101,6,21,1,1,3,9,0,1,8,21,0,1,0,.208,.264,.327,.591
Sean Halton,MIL,OF,32,42,101,9,24,4,0,4,17,0,0,5,31,1,1,3,.238,.291,.396,.687
George Kottaras,KC,C,36,46,100,13,18,4,0,5,12,1,0,24,42,0,0,2,.180,.349,.370,.719
Scott Hairston,CHC,OF,39,52,99,13,17,2,0,8,19,2,0,7,25,0,4,2,.172,.232,.434,.666
Charlie Culberson,COL,OF,30,47,99,12,29,5,0,2,12,5,1,4,23,0,1,0,.293,.317,.404,.721
Travis d'Arnaud,NYM,C,31,31,99,4,20,3,0,1,5,0,0,12,21,0,1,0,.202,.286,.263,.549
Justin Maxwell,KC,OF,36,35,97,14,26,6,1,5,17,2,1,11,35,0,1,2,.268,.351,.505,.856
Ramiro Pena,ATL,2B,34,50,97,14,27,5,1,3,12,0,2,8,18,1,1,0,.278,.330,.443,.773
Henry Blanco,SEA,C,48,35,96,8,12,2,0,3,14,0,0,10,26,0,0,1,.125,.215,.240,.455
Kirk Nieuwenhuis,NYM,OF,32,47,95,10,18,3,1,3,14,2,0,12,32,0,1,0,.189,.278,.337,.615
Wilmer Flores,NYM,2B,28,27,95,8,20,5,0,1,13,0,0,5,23,0,1,0,.211,.248,.295,.543
Jackie Bradley Jr.,BOS,OF,29,37,95,18,18,5,0,3,10,2,0,10,31,0,0,2,.189,.280,.337,.617
Dee Gordon,LAD,2B,31,38,94,9,22,1,1,1,6,10,2,10,21,1,0,1,.234,.314,.298,.612
Elliot Johnson,ATL,SS,35,32,92,8,24,5,2,0,10,8,2,8,18,1,1,0,.261,.317,.359,.676
Collin Cowgill,LAA,OF,33,50,91,11,21,3,2,2,8,1,0,5,27,3,0,0,.231,.271,.374,.645
Juan C. Perez,SF,OF,33,34,89,8,23,5,0,1,8,2,0,6,21,1,1,0,.258,.302,.348,.650
Josh Harrison,PIT,2B,32,60,88,10,22,1,2,3,14,2,0,2,10,2,0,3,.250,.290,.409,.699
Yasmani Grandal,SD,C,31,28,88,13,19,8,0,1,9,0,0,18,18,0,1,1,.216,.352,.341,.693
Guillermo Quiroz,SF,C,38,43,86,5,16,7,0,1,6,0,0,5,21,2,1,1,.186,.237,.302,.539
Brett Pill,SF,1B,35,48,85,11,19,4,0,3,12,0,0,5,17,0,1,1,.224,.272,.376,.648
Roger Kieschnick,SF,OF,33,38,84,6,17,0,1,0,5,0,0,11,29,0,0,0,.202,.295,.226,.521
Avisail Garcia,DET,OF,28,30,83,12,20,3,1,2,10,0,1,4,21,0,1,0,.241,.273,.373,.646
Wilkin Ramirez,MIN,OF,34,35,81,5,22,6,1,0,6,0,0,3,23,0,1,1,.272,.302,.370,.672
Joey Terdoslavich,ATL,1B,31,55,79,11,17,4,0,0,4,1,0,12,24,0,1,0,.215,.315,.266,.581
Justin Morneau,PIT,DH,38,25,77,6,20,4,0,0,3,0,0,13,12,0,1,1,.260,.370,.312,.682
Ryan Lavarnway,BOS,C,32,25,77,8,23,7,0,1,14,0,0,2,17,0,1,2,.299,.329,.429,.758
Matt Davidson,ARI,1B,28,31,76,8,18,6,0,3,12,0,1,10,24,0,0,1,.237,.333,.434,.767
Robert Andino,SEA,2B,35,29,76,5,14,4,0,0,4,0,0,7,27,2,0,0,.184,.253,.237,.490
Josmil Pinto,MIN,C,30,21,76,10,26,5,0,4,12,0,0,6,22,0,0,1,.342,.398,.566,.964
Dave Sappelt,CHC,OF,33,31,75,6,18,3,0,0,4,3,1,3,14,0,0,0,.240,.269,.280,.549
Tyler Colvin,COL,OF,34,27,75,8,12,0,0,3,10,0,0,3,27,0,0,0,.160,.192,.280,.472
Roger Bernadina,PHI,OF,35,27,75,8,14,4,1,2,5,1,0,4,21,1,0,3,.187,.256,.347,.603
Miguel Olivo,MIA,C,41,33,74,5,15,2,0,4,9,0,0,5,23,0,1,0,.203,.250,.392,.642
Alex Presley,PIT,OF,34,29,72,8,19,1,1,2,4,0,1,1,18,0,0,0,.264,.274,.389,.663
Abraham Almonte,SEA,OF,30,25,72,10,19,4,0,2,9,1,0,6,21,2,2,0,.264,.313,.403,.716
Brandon Laird,HOU,3B,32,25,71,7,12,3,0,5,11,0,0,3,26,0,0,2,.169,.224,.423,.647
Tommy Medica,SD,1B,31,19,69,9,20,2,0,3,10,0,0,10,23,0,0,0,.290,.380,.449,.829
Marcus Semien,CWS,SS,29,21,69,7,18,4,0,2,7,2,2,1,22,0,1,0,.261,.268,.406,.674
Justin Sellers,LAD,SS,34,27,69,6,13,1,0,1,2,0,0,5,20,1,0,2,.188,.263,.246,.509
Hector Gimenez,CWS,C,37,26,68,8,13,4,0,2,10,0,0,7,22,0,3,2,.191,.275,.338,.613
Rene Rivera,SD,C,36,23,67,4,17,3,1,0,7,0,0,2,16,0,2,0,.254,.268,.328,.596
Humberto Quintero,SEA,C,40,22,67,5,15,1,0,2,4,0,0,3,15,2,0,0,.224,.257,.328,.585
Chris Nelson,COL,3B,34,21,66,6,16,1,2,0,4,0,0,4,19,0,1,0,.242,.282,.318,.600
Casper Wells,CWS,OF,35,38,66,4,11,1,0,0,1,0,1,5,22,0,0,0,.167,.225,.182,.407
Hernan Perez,DET,2B,28,34,66,13,13,0,1,0,5,1,0,2,15,2,1,0,.197,.217,.227,.444
Darin Mastroianni,MIN,OF,34,30,65,5,12,2,0,0,5,2,1,3,23,3,1,1,.185,.229,.215,.444
Chris Valaika,MIA,2B,34,22,64,4,14,5,0,1,9,0,0,3,16,1,1,1,.219,.261,.344,.605
Humberto Quintero,PHI,C,40,24,64,3,16,4,0,2,9,0,0,3,15,0,0,1,.250,.294,.406,.700
DeWayne Wise,CWS,OF,41,30,64,6,15,3,0,1,3,1,1,2,14,0,0,0,.234,.258,.328,.586
Derek Jeter,NYY,SS,45,17,63,8,12,1,0,1,7,0,0,8,10,0,1,1,.190,.288,.254,.542
Pedro Ciriaco,SD,3B,34,23,63,5,15,1,1,1,4,6,0,3,10,1,0,1,.238,.284,.333,.617
Jeff Francoeur,SF,OF,36,22,62,1,12,2,0,0,4,1,0,1,12,0,0,0,.194,.206,.226,.432
Delmon Young,TB,OF,34,23,62,8,16,3,0,3,7,0,0,6,9,0,1,1,.258,.329,.452,.781
Collin Cowgill,NYM,OF,33,23,61,7,11,2,0,2,8,0,0,2,15,0,0,0,.180,.206,.311,.517
Tony Sanchez,PIT,C,31,22,60,9,14,4,0,2,5,0,0,3,14,0,1,2,.233,.288,.400,.688
Taylor Teagarden,BAL,C,36,23,60,3,10,2,0,2,5,0,1,1,18,1,0,0,.167,.180,.300,.480
Josh Wilson,ARI,OF,38,30,60,9,12,1,1,1,4,0,0,5,17,0,0,0,.200,.262,.300,.562
Brendan Ryan,NYY,2B,37,17,59,7,13,2,0,1,1,0,0,2,13,0,0,1,.220,.258,.305,.563
Brock Holt,BOS,2B,31,26,59,9,12,2,0,0,11,1,0,7,4,3,3,0,.203,.275,.237,.512
Kolten Wong,STL,2B,29,32,59,6,9,1,0,0,0,3,0,3,12,0,0,0,.153,.194,.169,.363
Matt den Dekker,NYM,OF,32,27,58,7,12,1,0,1,6,4,1,4,23,0,0,1,.207,.270,.276,.546
Henry Urrutia,BAL,OF,32,24,58,5,16,0,1,0,2,0,0,0,11,0,0,0,.276,.276,.310,.586
Donald Lutz,CIN,OF,31,34,58,5,14,1,0,1,8,2,0,1,14,0,0,0,.241,.254,.310,.564
Koyie Hill,MIA,C,40,18,58,3,9,2,0,0,0,0,0,2,18,1,0,0,.155,.183,.190,.373
Scott Hairston,WAS,OF,39,33,58,5,13,3,0,2,7,0,0,2,19,1,1,0,.224,.246,.379,.625
Ty Wigginton,STL,3B,42,47,57,9,9,2,0,0,3,0,1,5,19,0,0,1,.158,.238,.193,.431
Nick Green,MIA,3B,41,18,55,4,13,2,0,1,6,0,0,3,14,2,2,3,.236,.302,.327,.629
Shelley Duncan,TB,OF,40,20,55,6,10,1,0,2,6,0,0,9,14,0,0,0,.182,.297,.309,.606
Chris Owings,ARI,2B,28,20,55,5,16,5,0,0,5,2,0,6,10,0,0,0,.291,.361,.382,.743
Luis Cruz,NYY,3B,36,16,55,6,10,1,0,0,5,1,0,1,13,1,0,2,.182,.224,.200,.424
Tyler Greene,CWS,SS,36,22,54,7,12,2,1,1,3,0,0,3,19,0,0,0,.222,.263,.352,.615
Darnell McDonald,CHC,OF,41,25,53,4,16,4,0,1,5,0,0,4,8,0,0,0,.302,.351,.434,.785
Mark Teixeira,NYY,1B,39,15,53,5,8,1,0,3,12,0,0,8,19,0,1,1,.151,.270,.340,.610
Doug Bernier,MIN,2B,39,33,53,9,12,3,0,0,5,2,1,8,15,2,0,1,.226,.339,.283,.622
Francisco Cervelli,NYY,C,33,17,52,12,14,3,0,3,8,0,0,8,9,0,0,1,.269,.377,.500,.877
Eric Hinske,ARI,1B,42,52,52,2,9,3,0,1,6,0,0,6,17,0,0,0,.173,.259,.288,.547
Leury Garcia,TEX,OF,28,25,52,8,10,0,1,0,1,1,0,3,16,2,0,0,.192,.236,.231,.467
Michael Young,LAD,3B,43,21,51,3,16,2,1,0,4,0,0,1,5,0,1,0,.314,.321,.392,.713
Cameron Maybin,SD,OF,32,14,51,7,8,1,0,1,5,4,1,4,9,1,0,1,.157,.232,.235,.467
Brennan Boesch,NYY,OF,34,23,51,6,14,2,1,3,8,0,0,2,9,0,0,0,.275,.302,.529,.831
Pedro Ciriaco,BOS,3B,34,28,51,4,11,2,1,1,4,2,1,6,12,0,1,0,.216,.293,.353,.646
Cole Gillespie,CHC,OF,35,25,50,6,12,2,0,0,4,0,0,6,13,1,1,1,.240,.328,.280,.608
Brandon Snyder,BOS,3B,33,27,50,5,9,3,0,2,7,0,0,0,16,0,0,2,.180,.212,.360,.572
Leury Garcia,CWS,OF,28,20,49,2,10,1,0,0,1,6,2,4,18,0,1,0,.204,.259,.224,.483
Jhonatan Solano,WAS,C,34,24,48,2,7,2,0,0,2,0,1,2,7,0,0,0,.146,.180,.188,.368
Reid Brignac,COL,3B,34,29,48,4,12,3,0,1,6,0,0,3,13,2,0,0,.250,.294,.375,.669
Ramon Hernandez,LAD,C,43,17,48,4,10,2,0,3,6,1,0,6,7,0,1,0,.208,.291,.438,.729
Tony Campana,ARI,OF,33,29,46,10,12,0,1,0,0,8,2,8,14,0,0,0,.261,.370,.304,.674
Tuffy Gosewisch,ARI,C,36,14,45,1,8,2,0,0,3,0,0,0,8,1,1,0,.178,.174,.222,.396
Xander Bogaerts,BOS,SS,27,18,44,7,11,2,0,1,5,1,0,5,13,0,1,0,.250,.320,.364,.684
Reid Brignac,NYY,3B,34,17,44,1,5,1,0,0,0,0,0,1,17,0,0,0,.114,.133,.136,.269
Ben Francisco,NYY,OF,38,21,44,4,5,0,0,1,1,0,0,5,11,0,0,1,.114,.220,.182,.402
Carlos Triunfel,SEA,SS,29,17,44,1,6,1,0,0,2,0,0,0,11,1,1,1,.136,.152,.159,.311
Alfredo Marte,ARI,OF,30,22,43,4,8,3,0,0,4,0,0,4,12,0,0,1,.186,.271,.256,.527
Paul Janish,ATL,SS,37,52,41,7,7,2,0,0,2,0,0,3,11,0,1,0,.171,.222,.220,.442
Johnny Giavotella,KC,2B,32,14,41,4,9,3,0,0,4,0,0,5,4,0,0,2,.220,.333,.293,.626
Ryan Wheeler,COL,3B,31,28,41,1,9,2,0,0,7,0,0,1,10,0,0,0,.220,.238,.268,.506
Engel Beltre,TEX,OF,30,22,40,7,10,1,0,0,2,1,2,0,5,1,0,1,.250,.268,.275,.543
John Baker,SD,C,39,16,40,0,6,0,0,0,2,0,0,6,12,0,0,0,.150,.261,.150,.411
Michael Martinez,PHI,2B,37,29,40,5,7,0,0,0,3,1,0,0,12,0,0,0,.175,.175,.175,.350
Henry Blanco,TOR,C,48,15,38,3,7,3,0,0,0,0,0,4,10,1,0,0,.184,.262,.263,.525
Logan Watkins,CHC,2B,30,27,38,2,8,1,0,0,0,0,0,3,14,1,0,0,.211,.268,.237,.505
Cody Clark,HOU,C,38,16,38,1,4,1,0,0,0,0,0,1,15,1,0,0,.105,.128,.132,.260
Jamey Carroll,KC,SS,45,14,36,5,4,3,0,0,2,0,1,4,4,1,2,0,.111,.190,.194,.384
Chris Nelson,NYY,3B,34,10,36,3,8,2,0,0,2,0,0,1,11,0,0,0,.222,.243,.278,.521
Corky Miller,CIN,C,43,17,35,2,9,5,0,0,8,0,0,5,6,0,0,1,.257,.366,.400,.766
Brent Lillibridge,NYY,OF,36,11,35,2,6,1,0,0,3,1,0,1,8,1,0,0,.171,.194,.200,.394
Alberto Gonzalez,NYY,SS,36,13,34,3,6,1,0,0,4,0,0,0,6,0,0,0,.176,.176,.206,.382
Andy Parrino,OAK,SS,34,14,34,2,4,2,0,0,1,0,0,2,12,0,0,0,.118,.167,.176,.343
Chris McGuiness,TEX,1B,31,10,34,0,6,1,0,0,1,0,0,0,13,0,0,0,.176,.176,.206,.382
Fernando Martinez,HOU,OF,31,11,33,1,6,0,0,1,3,0,0,1,12,0,0,1,.182,.229,.273,.502
Rey Fuentes,SD,OF,29,23,33,4,5,0,0,0,1,3,0,3,16,0,0,0,.152,.222,.152,.374
Kurt Suzuki,OAK,C,36,15,33,6,10,2,0,2,7,0,0,2,3,0,0,0,.303,.343,.545,.888
John McDonald,PIT,3B,45,16,31,0,2,1,0,0,1,0,0,3,8,0,0,1,.065,.171,.097,.268
Jim Adduci,TEX,OF,34,17,31,2,8,1,0,0,0,2,0,3,9,0,0,0,.258,.324,.290,.614
Blake Tekotte,CWS,OF,32,20,31,4,7,1,0,1,2,1,3,3,9,0,1,1,.226,.306,.355,.661
Jose Constanza,ATL,OF,36,21,31,2,8,0,0,0,3,0,3,0,5,0,0,0,.258,.258,.258,.516
Kensuke Tanaka,SF,2B,38,15,30,4,8,0,0,0,2,2,0,4,3,0,0,0,.267,.353,.267,.620
Tyler Pastornicky,ATL,SS,30,20,30,5,9,1,0,0,0,0,0,1,5,2,0,0,.300,.323,.333,.656
Jeff Kobernus,WAS,2B,31,24,30,8,5,0,0,1,1,3,2,5,6,0,0,1,.167,.306,.267,.573
Andrew Lambo,PIT,OF,31,18,30,4,7,2,0,1,2,0,1,3,11,0,0,0,.233,.303,.400,.703
Joe Mahoney,MIA,1B,33,9,29,2,8,1,0,1,4,0,0,0,4,0,0,0,.276,.276,.414,.690
Francisco Peguero,SF,OF,31,18,29,4,6,1,0,1,1,2,0,1,2,0,0,0,.207,.233,.345,.578
Felix Pie,PIT,OF,35,27,29,5,4,1,0,0,2,1,2,2,13,0,0,0,.138,.194,.172,.366
Mike Morse,BAL,1B,37,12,29,3,3,0,0,0,0,0,0,1,7,0,0,0,.103,.133,.103,.236
Yamaico Navarro,BAL,SS,32,8,28,3,8,0,1,0,2,0,0,2,8,1,0,0,.286,.333,.357,.690
Luke Montz,OAK,C,36,13,28,2,5,3,0,1,5,0,0,1,8,0,1,0,.179,.200,.393,.593
Robinson Chirinos,TEX,C,35,13,28,3,5,3,0,0,0,0,0,2,6,0,0,0,.179,.233,.286,.519
Bryan Holaday,DET,C,32,16,27,8,8,1,0,1,2,0,0,2,3,3,0,1,.296,.367,.444,.811
Austin Kearns,MIA,OF,39,19,27,3,5,0,0,0,0,0,0,4,8,0,0,0,.185,.290,.185,.475
Brad Hawpe,LAA,OF,40,17,27,2,5,0,0,0,2,0,0,5,14,0,0,0,.185,.313,.185,.498
Jaff Decker,SD,OF,29,13,26,3,4,0,0,1,2,0,1,3,4,1,1,0,.154,.233,.269,.502
Tommy Field,LAA,2B,32,15,26,4,4,0,0,0,0,0,0,1,7,0,0,0,.154,.185,.154,.339
John Ryan Murphy,NYY,C,28,16,26,3,4,1,0,0,1,0,0,1,9,0,0,0,.154,.185,.192,.377
Brock Peterson,STL,1B,36,23,26,0,2,0,0,0,2,0,0,2,11,0,0,0,.077,.143,.077,.220
Adron Chambers,STL,OF,33,25,26,5,4,1,0,0,1,0,1,3,11,0,0,0,.154,.241,.192,.433
Jesus Sucre,SEA,C,31,8,26,1,5,0,0,0,3,0,0,2,1,0,1,0,.192,.241,.192,.433
Brent Morel,CWS,3B,32,12,25,3,5,0,0,0,1,1,1,5,7,0,0,0,.200,.333,.200,.533
Casper Wells,PHI,OF,35,12,24,2,1,1,0,0,0,0,0,2,8,0,0,0,.042,.115,.083,.198
Brent Lillibridge,CHC,OF,36,9,24,0,1,0,0,0,2,0,0,0,9,0,0,0,.042,.042,.042,.084
John Buck,PIT,C,39,9,24,1,8,0,0,0,2,0,0,0,5,0,0,0,.333,.333,.333,.666
Blake Lalli,MIL,C,36,16,24,1,3,0,0,0,2,0,0,0,7,0,0,0,.125,.125,.125,.250
John McDonald,PHI,3B,45,21,23,5,4,0,0,1,3,0,0,1,4,1,0,0,.174,.208,.304,.512
Michael Taylor,OAK,OF,34,9,23,0,1,0,0,0,0,0,0,2,5,0,0,0,.043,.120,.043,.163
Alberto Gonzalez,CHC,SS,36,11,23,3,5,1,0,1,2,0,0,2,6,0,1,0,.217,.269,.391,.660
Matt Pagnozzi,HOU,C,37,9,21,1,3,0,0,0,0,0,0,1,3,0,0,0,.143,.182,.143,.325
Zach Lutz,NYM,3B,33,15,20,2,6,2,0,0,2,0,0,6,6,0,0,0,.300,.462,.400,.862
Pete Orr,PHI,2B,40,15,20,1,4,0,0,0,0,0,0,2,8,0,0,0,.200,.273,.200,.473
Casey Kotchman,MIA,1B,36,6,20,0,0,0,0,0,1,0,0,1,1,0,0,0,.000,.048,.000,.048
Chris Snyder,BAL,C,39,9,20,0,2,0,0,0,1,0,0,4,7,0,0,0,.100,.250,.100,.350
Billy Hamilton,CIN,OF,29,13,19,9,7,2,0,0,1,13,1,2,4,1,0,0,.368,.429,.474,.903
Nick Buss,LAD,OF,33,8,19,0,2,0,0,0,0,0,0,1,1,0,0,0,.105,.150,.105,.255
Alex Castellanos,LAD,OF,33,8,18,2,3,1,0,1,1,0,0,0,5,0,0,0,.167,.167,.389,.556
Michael Choice,OAK,OF,30,9,18,2,5,1,0,0,0,0,0,1,6,0,0,0,.278,.316,.333,.649
Nick Castellanos,DET,OF,27,11,18,1,5,0,0,0,0,0,0,0,1,0,0,0,.278,.278,.278,.556
Ehire Adrianza,SF,SS,30,9,18,3,4,1,0,1,3,0,0,1,5,1,0,0,.222,.263,.444,.707
Bryan Anderson,CWS,C,33,10,18,1,1,1,0,0,2,0,0,1,5,0,0,0,.056,.105,.111,.216
Brett Hayes,KC,C,35,5,18,2,5,3,0,1,2,0,0,0,3,0,0,0,.278,.278,.611,.889
Jason Kubel,CLE,OF,37,8,18,0,3,1,0,0,0,0,0,5,10,0,0,0,.167,.348,.222,.570
Matt Diaz,MIA,OF,41,10,18,1,3,1,0,0,1,0,0,1,3,0,0,0,.167,.211,.222,.433
Travis Ishikawa,BAL,1B,36,6,17,0,2,0,0,0,1,0,0,1,8,0,0,0,.118,.167,.118,.285
Alex Liddi,SEA,3B,31,8,17,0,1,1,0,0,0,0,0,1,7,0,0,0,.059,.111,.118,.229
Chris Marrero,WAS,1B,31,8,16,0,2,0,0,0,1,0,0,0,4,0,0,0,.125,.125,.125,.250
Jason Bourgeois,TB,OF,38,9,16,2,3,0,0,1,2,0,0,2,4,0,0,0,.188,.278,.375,.653
Steve Clevenger,BAL,C,33,4,15,1,4,1,0,0,2,0,0,0,2,0,0,0,.267,.267,.333,.600
Jordan Brown,MIA,OF,36,14,15,0,3,1,0,0,5,0,0,1,1,0,1,0,.200,.235,.267,.502
Grant Green,OAK,2B,32,5,15,0,0,0,0,0,1,0,0,0,6,0,1,0,.000,.000,.000,.000
Wilfredo Tovar,NYM,SS,28,7,15,1,3,0,0,0,2,1,0,1,3,2,0,1,.200,.294,.200,.494
Jonathan Schoop,BAL,2B,28,5,14,5,4,0,0,1,1,0,0,1,2,0,0,0,.286,.333,.500,.833
Cameron Rupp,PHI,C,31,4,13,1,4,1,0,0,2,0,0,1,4,0,0,0,.308,.357,.385,.742
Ezequiel Carrera,PHI,OF,32,13,13,2,1,0,0,0,0,0,0,1,4,0,0,2,.077,.250,.077,.327
Melky Mesa,NYY,OF,33,5,13,2,5,2,0,0,1,0,1,1,2,0,0,0,.385,.429,.538,.967
Eric Fryer,MIN,C,34,6,13,2,5,1,0,1,4,0,0,3,3,0,0,0,.385,.500,.692,1.192
Neftali Soto,CIN,1B,30,13,12,0,0,0,0,0,0,0,0,0,6,0,0,1,.000,.077,.000,.077
Corey Brown,WAS,OF,34,14,12,2,2,1,0,1,1,1,0,3,4,0,0,0,.167,.333,.500,.833
Chris Robinson,SD,C,35,8,12,1,2,0,0,1,3,0,0,0,3,0,0,0,.167,.167,.417,.584
Jose Ramirez,CLE,3B,27,15,12,5,4,0,1,0,0,0,1,2,2,0,0,0,.333,.429,.500,.929
Joey Butler,TEX,OF,33,8,12,3,4,2,0,0,1,0,0,3,6,0,0,0,.333,.467,.500,.967
Ryan Langerhans,TOR,OF,39,4,11,3,3,0,0,0,0,1,0,2,2,0,0,0,.273,.385,.273,.658
Cody Ransom,SD,SS,43,5,11,0,0,0,0,0,0,0,0,0,5,0,0,0,.000,.000,.000,.000
Pedro Ciriaco,KC,3B,34,5,11,0,2,1,0,0,0,1,0,0,1,0,0,0,.182,.182,.273,.455
Adam Rosales,TEX,2B,36,17,11,4,2,0,0,1,4,0,0,0,3,0,1,0,.182,.167,.455,.622
Matt Carson,CLE,OF,38,20,11,5,7,0,0,1,3,3,0,1,1,0,0,1,.636,.692,.909,1.601
Thomas Neal,NYY,OF,32,4,11,1,2,0,0,0,0,0,0,1,4,0,0,1,.182,.308,.182,.490
Adam Moore,KC,C,35,5,10,1,3,1,0,0,0,1,0,1,2,0,0,0,.300,.364,.400,.764
Wilson Betemit,BAL,3B,39,6,10,0,0,0,0,0,0,0,0,0,3,0,0,0,.000,.000,.000,.000
Jason Pridie,BAL,OF,36,4,10,0,2,0,0,0,1,0,0,0,2,0,0,0,.200,.200,.200,.400
Juan Centeno,NYM,C,30,4,10,0,3,0,0,0,1,0,0,0,1,0,0,0,.300,.300,.300,.600
Miguel Gonzalez,CWS,C,29,5,9,0,2,0,0,0,0,0,0,0,3,0,0,0,.222,.222,.222,.444
Henry Rodriguez,CIN,2B,30,9,9,0,1,0,0,0,0,0,0,1,4,0,0,0,.111,.200,.111,.311
J.C. Boscan,CHC,C,40,6,9,1,2,1,0,0,0,0,0,0,2,0,0,1,.222,.300,.333,.633
Cole Gillespie,SF,OF,35,3,9,0,0,0,0,0,0,0,0,1,0,0,0,0,.000,.100,.000,.100
Cord Phelps,CLE,2B,33,4,9,0,0,0,0,0,0,0,0,0,2,0,0,0,.000,.000,.000,.000
Jemile Weeks,OAK,2B,33,8,9,3,1,0,0,0,0,0,0,0,5,0,0,0,.111,.111,.111,.222
Josh Prince,MIL,2B,32,8,8,3,1,1,0,0,0,0,0,1,1,0,0,0,.125,.222,.250,.472
Eury Perez,WAS,OF,29,9,8,1,1,0,0,0,0,1,0,0,3,0,0,0,.125,.125,.125,.250
Quintin Berry,BOS,OF,35,13,8,5,5,0,0,1,4,3,0,1,2,0,0,0,.625,.667,1.000,1.667
Steve Clevenger,CHC,C,33,8,8,1,1,0,0,0,0,0,0,1,3,0,0,0,.125,.222,.125,.347
John McDonald,BOS,3B,45,6,8,1,2,0,0,0,0,0,0,1,3,0,0,0,.250,.333,.250,.583
Zach Walters,WAS,OF,30,8,8,2,3,0,1,0,1,0,0,1,0,0,0,0,.375,.444,.625,1.069
Todd Cunningham,ATL,OF,30,8,8,2,2,0,0,0,0,0,0,0,3,0,0,0,.250,.250,.250,.500
Johnny Monell,SF,C,33,8,8,2,1,0,0,0,1,0,0,0,3,0,0,1,.125,.222,.125,.347
Elian Herrera,LAD,3B,35,4,8,0,2,0,0,0,0,0,0,0,2,0,0,0,.250,.250,.250,.500
Steve Susdorf,PHI,OF,33,3,7,1,1,1,0,0,0,0,0,0,1,0,0,0,.143,.143,.286,.429
John McDonald,CLE,3B,45,8,7,2,0,0,0,0,0,0,0,1,1,0,0,0,.000,.125,.000,.125
Drew Butera,LAD,C,36,4,7,0,1,0,0,0,0,0,0,0,4,0,0,0,.143,.143,.143,.286
Ryan Jackson,STL,2B,31,7,7,0,0,0,0,0,0,0,0,0,2,0,0,0,.000,.000,.000,.000
Max Stassi,HOU,C,28,3,7,0,2,0,0,0,1,0,0,0,2,0,0,1,.286,.375,.286,.661
Tim Beckham,TB,SS,30,5,7,1,3,0,0,0,1,0,0,0,0,0,1,0,.429,.375,.429,.804
Shane Peterson,OAK,OF,32,2,7,1,1,0,0,0,1,0,0,1,3,0,0,0,.143,.250,.143,.393
Corban Joseph,NYY,2B,31,2,6,1,1,1,0,0,0,0,0,1,1,0,0,0,.167,.286,.333,.619
Carlos Peguero,SEA,OF,32,2,6,1,2,0,0,1,1,1,0,1,2,0,0,0,.333,.429,.833,1.262
Scott Sizemore,OAK,2B,35,2,6,0,1,1,0,0,0,0,0,0,2,0,0,0,.167,.167,.333,.500
Phil Gosselin,ATL,OF,31,4,6,2,2,0,0,0,0,0,0,1,2,0,0,0,.333,.429,.333,.762
Casper Wells,OAK,OF,35,3,5,0,0,0,0,0,0,0,0,0,1,0,0,0,.000,.000,.000,.000
Steven Lerud,PHI,C,35,6,5,0,0,0,0,0,0,0,0,0,4,0,0,0,.000,.000,.000,.000
Andy LaRoche,TOR,3B,36,1,4,0,0,0,0,0,0,0,0,0,1,0,0,0,.000,.000,.000,.000
Ezequiel Carrera,CLE,OF,32,2,4,1,2,0,0,0,1,0,0,0,1,1,0,0,.500,.500,.500,1.000
Thomas Neal,CHC,OF,32,2,4,0,0,0,0,0,0,0,0,0,0,0,0,0,.000,.000,.000,.000
Scott Cousins,LAA,OF,35,7,4,1,0,0,0,0,0,0,0,1,3,0,0,0,.000,.200,.000,.200
Efren Navarro,LAA,1B,33,4,4,0,1,0,0,0,1,1,0,2,1,0,0,0,.250,.500,.250,.750
Jonathan Diaz,BOS,SS,34,5,4,2,0,0,0,0,0,0,0,0,0,0,0,0,.000,.000,.000,.000
Irving Falu,KC,2B,36,1,4,0,1,0,0,0,0,0,0,0,0,0,0,0,.250,.250,.250,.500
Lou Marson,CLE,C,33,3,3,0,0,0,0,0,0,0,0,2,0,0,0,0,.000,.400,.000,.400
Chris Gimenez,TB,C,37,4,3,0,1,1,0,0,0,0,0,1,1,0,0,0,.333,.500,.667,1.167
Kyle Skipworth,MIA,C,29,4,3,0,0,0,0,0,0,0,0,1,1,0,0,0,.000,.250,.000,.250
L.J. Hoes,BAL,OF,29,1,3,0,0,0,0,0,0,0,0,0,1,0,0,0,.000,.000,.000,.000
Jermaine Curtis,STL,3B,32,5,3,0,0,0,0,0,0,0,0,1,1,0,0,1,.000,.400,.000,.400
Drew Butera,MIN,C,36,2,3,0,0,0,0,0,0,0,0,0,1,0,0,0,.000,.000,.000,.000
Blake DeWitt,ATL,2B,34,4,3,0,1,1,0,0,0,0,0,0,0,1,0,0,.333,.333,.667,1.000
David DeJesus,WAS,OF,40,3,3,0,0,0,0,0,0,0,0,0,1,1,0,0,.000,.000,.000,.000
Carlos Pena,KC,1B,41,4,3,0,0,0,0,0,0,0,0,0,3,0,0,0,.000,.000,.000,.000
Kelly Shoppach,CLE,C,39,1,2,0,0,0,0,0,0,0,0,0,1,0,0,0,.000,.000,.000,.000
Travis Ishikawa,NYY,1B,36,1,2,0,0,0,0,0,0,0,0,0,2,0,0,0,.000,.000,.000,.000
Danny Worth,DET,2B,34,3,2,0,0,0,0,0,0,0,0,0,1,0,0,0,.000,.000,.000,.000
Angel Sanchez,CWS,SS,36,1,2,0,0,0,0,0,0,0,0,0,0,0,0,0,.000,.000,.000,.000
Brandon Bantz,SEA,C,33,1,2,0,0,0,0,0,0,0,0,0,1,0,0,0,.000,.000,.000,.000
Sandy Leon,WAS,C,30,2,1,0,0,0,0,0,0,0,0,0,1,0,0,0,.000,.000,.000,.000
Audry Perez,STL,C,31,2,1,0,0,0,0,0,0,0,0,0,1,0,0,0,.000,.000,.000,.000
Julio Borbon,TEX,OF,33,1,1,1,0,0,0,0,0,0,0,0,0,0,0,0,.000,.000,.000,.000
Omir Santos,CLE,C,38,1,1,0,0,0,0,0,0,0,0,0,0,0,0,0,.000,.000,.000,.000
Christian Bethancourt,ATL,C,28,1,1,0,0,0,0,0,0,0,0,0,1,0,0,0,.000,.000,.000,.000
Gil Velazquez,MIA,3B,40,1,1,0,0,0,0,0,0,0,0,0,0,0,0,0,.000,.000,.000,.000
John Hester,LAA,C,36,1,0,1,0,0,0,0,0,0,0,1,0,0,0,0,.000,1.000,.000,1.000